Div,Date,Time,HomeTeam,AwayTeam,Referee,B365H,B365D,B365A,BFDH,BFDD,BFDA,BMGMH,BMGMD,BMGMA,BVH,BVD,BVA,BWH,BWD,BWA,CLH,CLD,CLA,LBH,LBD,LBA,PSH,PSD,PSA,MaxH,MaxD,MaxA,AvgH,AvgD,AvgA,BFEH,BFED,BFEA,B365>2.5,B365<2.5,P>2.5,P<2.5,Max>2.5,Max<2.5,Avg>2.5,Avg<2.5,BFE>2.5,BFE<2.5,AHh,B365AHH,B365AHA,PAHH,PAHA,MaxAHH,MaxAHA,AvgAHH,AvgAHA,BFEAHH,BFEAHA,B365CH,B365CD,B365CA,BFDCH,BFDCD,BFDCA,BMGMCH,BMGMCD,BMGMCA,BVCH,BVCD,BVCA,BWCH,BWCD,BWCA,CLCH,CLCD,CLCA,LBCH,LBCD,LBCA,PSCH,PSCD,PSCA,MaxCH,MaxCD,MaxCA,AvgCH,AvgCD,AvgCA,BFECH,BFECD,BFECA,B365C>2.5,B365C<2.5,PC>2.5,PC<2.5,MaxC>2.5,MaxC<2.5,AvgC>2.5,AvgC<2.5,BFEC>2.5,BFEC<2.5,AHCh,B365CAHH,B365CAHA,PCAHH,PCAHA,MaxCAHH,MaxCAHA,AvgCAHH,AvgCAHA,BFECAHH,BFECAHA,Country,League,Home,Away
B1,01/05/2026,19:45,Cercle Brugge,Waregem,,1.91,3.7,3.5,1.9,3.75,3.4,1.83,3.75,3.65,1.93,3.8,3.5,1.95,3.75,3.6,1.95,3.75,3.6,1.95,3.7,3.6,,,,1.95,4.0,3.75,1.9,3.77,3.51,,,,1.57,2.35,,,1.6,2.4,1.55,2.3,,,-0.5,1.95,1.85,,,1.95,1.9,1.87,1.83,,,,,,,,,,,,,,,,,,,,,,,,,,,,,,,,,,,,,,,,,,,,,,,,,,,,,,,,,,,,
B1,02/05/2026,15:00,Westerlo,Oud-Heverlee Leuven,,1.9,3.6,3.75,1.9,3.75,3.4,1.85,3.7,3.6,1.87,3.7,3.5,1.93,3.7,3.7,1.91,3.7,3.7,1.91,3.7,3.7,,,,1.93,3.8,3.75,1.88,3.69,3.58,,,,1.62,2.25,,,1.65,2.25,1.6,2.21,,,-0.5,1.9,1.9,,,1.9,1.9,1.85,1.84,,,,,,,,,,,,,,,,,,,,,,,,,,,,,,,,,,,,,,,,,,,,,,,,,,,,,,,,,,,,
B1,02/05/2026,17:15,Charleroi,Genk,,2.75,3.5,2.4,2.75,3.5,2.3,,,,,,,2.85,3.6,2.3,,,,2.8,3.6,2.3,,,,2.85,3.6,2.4,2.73,3.5,2.31,,,,1.7,2.1,,,1.73,2.1,1.69,2.07,,,0.0,2.0,1.8,,,2.0,1.8,1.99,1.74,,,,,,,,,,,,,,,,,,,,,,,,,,,,,,,,,,,,,,,,,,,,,,,,,,,,,,,,,,,,
B1,02/05/2026,19:45,St Truiden,St. Gilloise,,3.75,3.4,1.95,3.4,3.4,2.0,3.65,3.4,1.94,3.6,3.4,1.93,3.6,3.5,2.0,3.6,3.5,2.0,3.6,3.5,2.0,,,,3.75,3.5,2.0,3.59,3.41,1.96,,,,1.95,1.85,,,1.95,1.91,1.87,1.83,,,0.5,1.85,1.95,,,1.85,2.0,1.78,1.94,,,,,,,,,,,,,,,,,,,,,,,,,,,,,,,,,,,,,,,,,,,,,,,,,,,,,,,,,,,,
B1,03/05/2026,12:30,Mechelen,Gent,,2.55,3.5,2.5,2.5,3.5,2.5,2.63,3.4,2.43,2.55,3.5,2.45,2.65,3.6,2.5,2.62,3.6,2.5,2.62,3.5,2.45,,,,2.7,3.6,2.62,2.56,3.48,2.49,,,,1.7,2.1,,,1.73,2.1,1.69,2.06,,,0.0,1.95,1.85,,,1.95,1.85,1.87,1.83,,,,,,,,,,,,,,,,,,,,,,,,,,,,,,,,,,,,,,,,,,,,,,,,,,,,,,,,,,,,
B1,03/05/2026,15:00,Antwerp,Standard,,1.91,3.6,3.8,1.95,3.4,3.5,1.92,3.35,3.7,1.9,3.4,3.7,1.98,3.5,3.75,1.95,3.5,3.75,1.95,3.5,3.7,,,,1.98,3.75,3.8,1.92,3.46,3.68,,,,1.85,1.95,,,1.92,1.95,1.87,1.83,,,-0.5,1.93,1.88,,,1.93,1.88,1.89,1.82,,,,,,,,,,,,,,,,,,,,,,,,,,,,,,,,,,,,,,,,,,,,,,,,,,,,,,,,,,,,
B1,03/05/2026,17:30,Anderlecht,Club Brugge,,4.33,4.1,1.67,4.2,4.0,1.67,4.4,4.1,1.62,4.33,4.0,1.65,4.4,4.2,1.7,4.4,4.2,1.7,4.4,4.2,1.7,,,,4.5,4.33,1.7,4.28,4.1,1.66,,,,1.5,2.5,,,1.5,2.63,1.48,2.52,,,0.75,1.95,1.85,,,1.95,1.85,1.9,1.8,,,,,,,,,,,,,,,,,,,,,,,,,,,,,,,,,,,,,,,,,,,,,,,,,,,,,,,,,,,,
D1,02/05/2026,14:30,Bayern Munich,Heidenheim,,1.25,7.0,9.5,1.22,7.0,10.0,1.18,7.0,11.0,1.2,6.0,9.5,1.26,7.0,8.75,1.25,7.0,8.5,1.25,7.0,8.5,,,,1.26,7.5,11.0,1.22,6.75,9.61,,,,1.25,4.0,,,1.25,4.1,1.24,3.86,,,-2.0,1.98,1.88,,,1.98,1.9,1.9,1.85,,,,,,,,,,,,,,,,,,,,,,,,,,,,,,,,,,,,,,,,,,,,,,,,,,,,,,,,,,,,
D1,02/05/2026,14:30,Ein Frankfurt,Hamburg,,1.73,4.1,4.33,1.73,4.2,4.2,1.67,3.95,4.5,1.67,3.9,4.1,1.71,4.2,4.33,1.7,4.2,4.33,1.7,4.2,4.33,,,,1.73,4.2,4.5,1.7,4.05,4.26,,,,1.53,2.5,,,1.53,2.5,1.52,2.45,,,-0.75,1.93,1.93,,,1.93,1.93,1.88,1.87,,,,,,,,,,,,,,,,,,,,,,,,,,,,,,,,,,,,,,,,,,,,,,,,,,,,,,,,,,,,
D1,02/05/2026,14:30,Hoffenheim,Stuttgart,,2.3,4.2,2.6,2.25,4.2,2.63,2.25,3.95,2.65,2.25,3.8,2.55,2.25,4.1,2.7,2.25,4.0,2.7,2.25,4.0,2.7,,,,2.38,4.2,2.7,2.27,3.98,2.63,,,,1.36,3.2,,,1.38,3.25,1.34,3.1,,,-0.25,2.03,1.78,,,2.03,1.78,2.0,1.74,,,,,,,,,,,,,,,,,,,,,,,,,,,,,,,,,,,,,,,,,,,,,,,,,,,,,,,,,,,,
D1,02/05/2026,14:30,Union Berlin,FC Koln,,2.45,3.3,2.9,2.4,3.4,2.8,2.33,3.35,2.88,2.3,3.25,2.75,2.37,3.4,2.87,2.4,3.4,2.87,2.37,3.4,2.87,,,,2.45,3.4,3.0,2.37,3.31,2.84,,,,1.91,1.91,,,1.91,1.91,1.86,1.88,,,-0.25,2.08,1.73,,,2.08,1.73,2.04,1.7,,,,,,,,,,,,,,,,,,,,,,,,,,,,,,,,,,,,,,,,,,,,,,,,,,,,,,,,,,,,
D1,02/05/2026,14:30,Werder Bremen,Augsburg,,1.95,3.8,3.6,1.91,3.75,3.6,1.88,3.8,3.6,1.91,3.6,3.4,1.95,3.8,3.5,1.95,3.8,3.5,1.95,3.75,3.5,,,,2.0,3.8,3.6,1.92,3.76,3.5,,,,1.62,2.3,,,1.62,2.32,1.59,2.26,,,-0.5,2.0,1.85,,,2.0,1.86,1.91,1.82,,,,,,,,,,,,,,,,,,,,,,,,,,,,,,,,,,,,,,,,,,,,,,,,,,,,,,,,,,,,
D1,02/05/2026,17:30,Leverkusen,RB Leipzig,,2.1,4.2,2.88,2.1,4.0,3.0,,,,,,,2.1,4.1,3.0,,,,2.1,4.0,3.0,,,,2.2,4.2,3.0,2.1,3.98,2.9,,,,1.36,3.2,,,1.38,3.2,1.36,3.02,,,-0.25,1.93,1.93,,,1.93,1.95,1.87,1.91,,,,,,,,,,,,,,,,,,,,,,,,,,,,,,,,,,,,,,,,,,,,,,,,,,,,,,,,,,,,
D1,03/05/2026,14:30,St Pauli,Mainz,,2.63,3.3,2.6,2.75,3.25,2.6,2.75,3.1,2.55,2.6,3.13,2.55,2.75,3.25,2.55,2.8,3.25,2.6,2.75,3.25,2.5,,,,2.8,3.4,2.6,2.7,3.22,2.55,,,,2.1,1.73,,,2.18,1.75,2.1,1.69,,,0.0,1.95,1.9,,,1.95,1.9,1.91,1.84,,,,,,,,,,,,,,,,,,,,,,,,,,,,,,,,,,,,,,,,,,,,,,,,,,,,,,,,,,,,
D1,03/05/2026,16:30,M'gladbach,Dortmund,,3.75,3.8,1.91,3.6,3.75,1.91,3.7,3.8,1.85,3.5,3.7,1.85,3.6,3.9,1.9,3.6,3.9,1.91,3.6,3.8,1.91,,,,3.75,3.9,1.94,3.59,3.79,1.89,,,,1.57,2.38,,,1.57,2.38,1.56,2.34,,,0.5,1.93,1.93,,,1.93,1.93,1.87,1.85,,,,,,,,,,,,,,,,,,,,,,,,,,,,,,,,,,,,,,,,,,,,,,,,,,,,,,,,,,,,
D1,03/05/2026,18:30,Freiburg,Wolfsburg,,2.55,3.5,2.7,2.4,3.6,2.75,2.4,3.45,2.75,2.45,3.4,2.5,2.4,3.6,2.8,2.4,3.6,2.8,2.37,3.5,2.75,,,,2.55,3.6,2.8,2.43,3.51,2.67,,,,1.67,2.2,,,1.7,2.25,1.65,2.16,,,0.0,1.88,1.98,,,1.88,1.98,1.83,1.92,,,,,,,,,,,,,,,,,,,,,,,,,,,,,,,,,,,,,,,,,,,,,,,,,,,,,,,,,,,,
D2,02/05/2026,12:00,Bielefeld,Bochum,,1.95,3.8,3.4,1.95,3.75,3.2,2.06,3.65,3.2,1.95,3.7,3.25,2.05,3.8,3.3,1.95,3.5,3.1,1.95,3.5,3.1,,,,2.06,3.8,3.4,1.97,3.68,3.22,,,,1.57,2.35,,,1.57,2.4,1.54,2.32,,,-0.5,2.0,1.8,,,2.0,1.8,1.93,1.77,,,,,,,,,,,,,,,,,,,,,,,,,,,,,,,,,,,,,,,,,,,,,,,,,,,,,,,,,,,,
D2,02/05/2026,12:00,Dresden,Kaiserslautern,,1.75,4.0,4.0,1.8,3.75,3.75,1.86,3.65,3.7,1.75,3.9,3.9,1.83,4.0,3.9,1.75,3.7,3.6,1.75,3.7,3.6,,,,1.86,4.0,4.0,1.78,3.81,3.78,,,,1.53,2.4,,,1.55,2.5,1.51,2.38,,,-0.5,1.78,2.03,,,1.78,2.03,1.74,1.98,,,,,,,,,,,,,,,,,,,,,,,,,,,,,,,,,,,,,,,,,,,,,,,,,,,,,,,,,,,,
D2,02/05/2026,12:00,Holstein Kiel,Braunschweig,,2.15,3.6,3.1,2.15,3.4,3.0,2.1,3.5,3.2,2.15,3.4,3.0,2.2,3.5,3.1,2.1,3.3,2.9,2.1,3.3,2.9,,,,2.2,3.6,3.2,2.12,3.44,3.03,,,,1.8,2.0,,,1.8,2.07,1.72,2.0,,,-0.25,1.9,1.9,,,1.9,1.9,1.85,1.85,,,,,,,,,,,,,,,,,,,,,,,,,,,,,,,,,,,,,,,,,,,,,,,,,,,,,,,,,,,,
D2,02/05/2026,19:30,Schalke 04,Fortuna Dusseldorf,,1.55,4.33,5.25,1.57,4.2,4.6,1.58,4.0,4.9,1.5,4.2,5.25,1.57,4.4,5.25,1.53,4.0,4.8,1.53,4.0,4.8,,,,1.58,4.4,5.5,1.54,4.14,4.98,,,,1.53,2.4,,,1.6,2.5,1.54,2.33,,,-1.0,1.9,1.9,,,1.9,1.9,1.83,1.88,,,,,,,,,,,,,,,,,,,,,,,,,,,,,,,,,,,,,,,,,,,,,,,,,,,,,,,,,,,,
D2,03/05/2026,12:30,Elversberg,Paderborn,,2.1,3.9,3.0,2.05,3.75,3.0,2.12,3.75,3.0,2.05,3.7,3.0,2.1,3.8,3.1,2.05,3.6,2.9,2.05,3.6,2.9,,,,2.12,4.0,3.1,2.07,3.74,2.95,,,,1.5,2.5,,,1.5,2.75,1.45,2.57,,,-0.25,1.85,1.95,,,1.85,1.95,1.8,1.9,,,,,,,,,,,,,,,,,,,,,,,,,,,,,,,,,,,,,,,,,,,,,,,,,,,,,,,,,,,,
D2,03/05/2026,12:30,Greuther Furth,Nurnberg,,2.6,3.75,2.45,2.6,3.6,2.38,2.8,3.6,2.33,2.55,3.6,2.4,2.65,3.8,2.4,2.5,3.5,2.3,2.5,3.5,2.3,,,,2.8,3.8,2.45,2.59,3.61,2.35,,,,1.57,2.35,,,1.6,2.38,1.55,2.3,,,0.0,1.95,1.85,,,1.95,1.85,1.9,1.8,,,,,,,,,,,,,,,,,,,,,,,,,,,,,,,,,,,,,,,,,,,,,,,,,,,,,,,,,,,,
D2,03/05/2026,12:30,Hannover,Preußen Münster,,1.4,5.25,6.0,1.33,5.0,7.0,1.38,4.75,6.75,1.36,4.8,7.0,1.4,5.25,7.0,1.36,4.6,6.0,1.36,4.6,6.0,,,,1.4,5.33,8.2,1.36,4.87,6.78,,,,1.44,2.7,,,1.48,2.75,1.45,2.57,,,-1.5,2.03,1.78,,,2.03,1.83,1.94,1.77,,,,,,,,,,,,,,,,,,,,,,,,,,,,,,,,,,,,,,,,,,,,,,,,,,,,,,,,,,,,
D2,03/05/2026,12:30,Karlsruhe,Darmstadt,,2.7,3.8,2.1,2.75,3.75,2.15,2.88,3.75,2.17,2.75,3.8,2.15,2.8,3.8,2.25,2.7,3.5,2.15,2.7,3.5,2.15,,,,2.88,4.0,2.25,2.76,3.76,2.14,,,,1.44,2.7,,,1.44,2.8,1.42,2.66,,,0.25,1.85,1.95,,,1.9,1.95,1.83,1.87,,,,,,,,,,,,,,,,,,,,,,,,,,,,,,,,,,,,,,,,,,,,,,,,,,,,,,,,,,,,
D2,03/05/2026,12:30,Magdeburg,Hertha,,2.1,3.8,3.1,2.05,3.75,3.0,1.98,3.75,3.3,2.05,3.8,3.0,2.15,3.8,3.0,2.05,3.5,2.87,2.05,3.5,2.87,,,,2.15,3.85,3.3,2.05,3.73,3.0,,,,1.44,2.7,,,1.44,2.8,1.41,2.67,,,-0.25,1.85,1.95,,,1.85,1.95,1.8,1.9,,,,,,,,,,,,,,,,,,,,,,,,,,,,,,,,,,,,,,,,,,,,,,,,,,,,,,,,,,,,
E0,01/05/2026,20:00,Leeds,Burnley,T Bramall,1.33,5.0,9.5,1.36,5.0,9.0,1.3,5.3,9.5,1.33,5.25,9.0,1.38,5.0,7.75,1.36,5.0,8.0,1.36,5.0,7.5,,,,1.38,5.4,9.5,1.34,5.09,8.57,,,,1.67,2.2,,,1.71,2.25,1.65,2.18,,,-1.25,1.85,2.0,,,1.85,2.0,1.81,1.95,,,,,,,,,,,,,,,,,,,,,,,,,,,,,,,,,,,,,,,,,,,,,,,,,,,,,,,,,,,,
E0,02/05/2026,15:00,Brentford,West Ham,C Pawson,1.91,3.75,3.75,1.95,3.75,3.6,1.88,3.75,3.75,1.91,3.8,3.7,1.95,3.75,3.6,1.95,3.8,3.6,1.95,3.75,3.6,,,,1.95,3.8,3.75,1.91,3.77,3.62,,,,1.62,2.3,,,1.62,2.38,1.59,2.28,,,-0.5,1.93,1.93,,,1.93,1.93,1.86,1.86,,,,,,,,,,,,,,,,,,,,,,,,,,,,,,,,,,,,,,,,,,,,,,,,,,,,,,,,,,,,
E0,02/05/2026,15:00,Newcastle,Brighton,C Kavanagh,2.5,3.75,2.6,2.6,3.6,2.6,2.43,3.7,2.63,2.5,3.6,2.63,2.5,3.6,2.65,2.5,3.6,2.62,2.5,3.5,2.62,,,,2.6,3.75,2.66,2.5,3.6,2.6,,,,1.73,2.1,,,1.73,2.2,1.68,2.13,,,0.0,1.88,1.98,,,1.88,1.98,1.83,1.92,,,,,,,,,,,,,,,,,,,,,,,,,,,,,,,,,,,,,,,,,,,,,,,,,,,,,,,,,,,,
E0,02/05/2026,15:00,Wolves,Sunderland,P Tierney,3.1,3.2,2.1,3.3,3.4,2.2,3.4,3.3,2.12,3.3,3.4,2.2,3.1,3.4,2.25,3.1,3.4,2.25,3.1,3.4,2.25,,,,3.45,3.4,2.25,3.24,3.35,2.18,,,,2.1,1.73,,,2.1,1.78,2.03,1.74,,,0.25,1.95,1.9,,,1.95,1.9,1.88,1.86,,,,,,,,,,,,,,,,,,,,,,,,,,,,,,,,,,,,,,,,,,,,,,,,,,,,,,,,,,,,
E0,02/05/2026,17:30,Arsenal,Fulham,J Gillett,1.44,4.33,7.0,1.44,4.5,7.5,,,,,,,1.46,4.5,6.5,,,,1.48,4.5,6.5,,,,1.48,4.5,8.0,1.44,4.39,7.0,,,,1.8,2.0,,,1.8,2.0,1.77,1.97,,,-1.25,2.05,1.8,,,2.05,1.86,1.99,1.8,,,,,,,,,,,,,,,,,,,,,,,,,,,,,,,,,,,,,,,,,,,,,,,,,,,,,,,,,,,,
E0,03/05/2026,14:00,Bournemouth,Crystal Palace,R Jones,1.57,4.33,5.25,1.57,4.2,5.5,1.56,4.3,5.25,1.57,4.0,5.25,1.6,4.2,5.0,1.6,4.2,5.0,1.6,4.2,5.0,,,,1.62,4.35,5.5,1.58,4.16,5.2,,,,1.67,2.2,,,1.67,2.25,1.65,2.17,,,-1.0,2.03,1.83,,,2.03,1.86,1.95,1.8,,,,,,,,,,,,,,,,,,,,,,,,,,,,,,,,,,,,,,,,,,,,,,,,,,,,,,,,,,,,
E0,03/05/2026,15:30,Man United,Liverpool,D England,2.3,3.8,2.75,2.3,3.8,2.8,2.28,3.7,2.8,2.25,3.75,2.75,2.3,3.9,2.75,2.3,3.9,2.75,2.3,3.8,2.7,,,,2.38,3.9,2.85,2.29,3.73,2.76,,,,1.5,2.63,,,1.5,2.7,1.47,2.58,,,-0.25,2.03,1.83,,,2.03,1.83,1.98,1.76,,,,,,,,,,,,,,,,,,,,,,,,,,,,,,,,,,,,,,,,,,,,,,,,,,,,,,,,,,,,
E0,03/05/2026,19:00,Aston Villa,Tottenham,S Barrott,2.15,3.6,3.2,2.1,3.75,3.25,2.04,3.55,3.35,2.1,3.6,3.13,2.1,3.6,3.3,2.1,3.6,3.3,2.1,3.5,3.25,,,,2.15,3.75,3.4,2.1,3.59,3.21,,,,1.73,2.1,,,1.73,2.23,1.68,2.11,,,-0.25,1.88,1.98,,,1.88,1.98,1.82,1.92,,,,,,,,,,,,,,,,,,,,,,,,,,,,,,,,,,,,,,,,,,,,,,,,,,,,,,,,,,,,
E0,04/05/2026,15:00,Chelsea,Nott'm Forest,A Taylor,1.7,4.0,4.75,1.7,4.0,4.6,1.64,4.1,4.8,1.67,3.9,4.6,1.71,3.9,4.6,,,,1.7,3.9,4.6,,,,1.71,4.1,4.9,1.68,3.93,4.65,,,,1.67,2.2,,,1.71,2.2,1.67,2.14,,,-0.75,1.9,1.95,,,1.9,1.95,1.85,1.89,,,,,,,,,,,,,,,,,,,,,,,,,,,,,,,,,,,,,,,,,,,,,,,,,,,,,,,,,,,,
E0,04/05/2026,20:00,Everton,Man City,M Oliver,6.5,4.75,1.44,6.5,4.6,1.44,6.75,4.8,1.42,6.5,4.4,1.44,6.25,4.6,1.47,,,,6.0,4.6,1.48,,,,7.0,4.8,1.48,6.38,4.63,1.44,,,,1.62,2.3,,,1.62,2.4,1.58,2.28,,,1.25,1.83,2.03,,,1.83,2.03,1.79,1.95,,,,,,,,,,,,,,,,,,,,,,,,,,,,,,,,,,,,,,,,,,,,,,,,,,,,,,,,,,,,
E1,02/05/2026,12:30,Blackburn,Leicester,L Doughty,2.1,3.5,3.2,2.15,3.6,3.1,2.23,3.5,3.0,2.15,3.5,3.2,2.15,3.6,3.2,2.15,3.6,3.2,2.15,3.6,3.1,,,,2.25,3.6,3.2,2.15,3.53,3.11,,,,1.8,2.0,,,1.8,2.04,1.76,1.98,,,-0.25,1.88,1.98,,,1.88,1.98,1.84,1.91,,,,,,,,,,,,,,,,,,,,,,,,,,,,,,,,,,,,,,,,,,,,,,,,,,,,,,,,,,,,
E1,02/05/2026,12:30,Bristol City,Stoke,B Toner,1.91,3.7,3.6,2.0,3.75,3.4,1.91,3.8,3.6,1.95,3.8,3.5,1.95,3.8,3.5,1.95,3.8,3.5,1.95,3.8,3.4,,,,2.0,3.8,3.66,1.94,3.76,3.48,,,,1.62,2.3,,,1.62,2.3,1.59,2.25,,,-0.5,1.98,1.88,,,1.98,1.9,1.9,1.82,,,,,,,,,,,,,,,,,,,,,,,,,,,,,,,,,,,,,,,,,,,,,,,,,,,,,,,,,,,,
E1,02/05/2026,12:30,Derby,Sheffield United,T Nield,1.79,3.8,3.9,1.83,3.75,4.0,1.79,3.8,4.1,1.83,3.9,3.9,1.83,3.8,4.0,1.83,3.8,4.0,1.83,3.8,4.0,,,,1.85,3.9,4.2,1.81,3.8,3.94,,,,1.62,2.3,,,1.67,2.3,1.62,2.19,,,-0.5,1.88,1.98,,,1.88,1.98,1.79,1.92,,,,,,,,,,,,,,,,,,,,,,,,,,,,,,,,,,,,,,,,,,,,,,,,,,,,,,,,,,,,
E1,02/05/2026,12:30,Hull,Norwich,J Smith,1.81,3.9,3.8,1.9,3.75,3.75,1.8,3.9,4.0,1.83,3.9,3.9,1.83,3.9,3.9,1.83,3.9,3.9,1.83,3.9,3.9,,,,1.9,4.0,4.0,1.83,3.86,3.82,,,,1.62,2.3,,,1.62,2.38,1.58,2.27,,,-0.5,1.88,1.98,,,1.88,1.98,1.8,1.92,,,,,,,,,,,,,,,,,,,,,,,,,,,,,,,,,,,,,,,,,,,,,,,,,,,,,,,,,,,,
E1,02/05/2026,12:30,Ipswich,QPR,G Ward,1.25,5.5,10.0,1.29,5.5,10.0,1.26,5.8,10.5,1.25,6.0,11.0,1.32,5.75,8.5,1.33,5.75,8.5,1.3,5.75,8.5,,,,1.33,6.0,11.5,1.27,5.67,9.84,,,,1.53,2.5,,,1.55,2.5,1.52,2.41,,,-1.5,1.85,2.0,,,1.85,2.0,1.77,1.96,,,,,,,,,,,,,,,,,,,,,,,,,,,,,,,,,,,,,,,,,,,,,,,,,,,,,,,,,,,,
E1,02/05/2026,12:30,Millwall,Oxford,A Backhouse,1.3,5.25,7.5,1.36,4.6,8.5,1.35,4.9,8.5,1.33,5.25,8.5,1.37,5.25,7.75,1.36,5.25,7.5,1.36,5.0,7.5,,,,1.37,5.5,9.6,1.34,5.01,8.18,,,,1.62,2.3,,,1.62,2.3,1.61,2.22,,,-1.5,2.0,1.85,,,2.0,1.86,1.94,1.79,,,,,,,,,,,,,,,,,,,,,,,,,,,,,,,,,,,,,,,,,,,,,,,,,,,,,,,,,,,,
E1,02/05/2026,12:30,Portsmouth,Birmingham,J Brooks,2.35,3.5,2.7,2.4,3.5,2.75,2.4,3.5,2.75,2.45,3.5,2.75,2.45,3.5,2.75,2.45,3.5,2.75,2.45,3.5,2.75,,,,2.45,3.55,2.8,2.41,3.47,2.73,,,,1.8,2.0,,,1.8,2.0,1.76,1.97,,,-0.25,,,,,2.1,1.7,2.06,1.68,,,,,,,,,,,,,,,,,,,,,,,,,,,,,,,,,,,,,,,,,,,,,,,,,,,,,,,,,,,,
E1,02/05/2026,12:30,Preston,Southampton,S Martin,3.1,4.0,2.01,3.25,3.75,2.05,3.35,3.65,2.04,3.13,4.0,2.05,3.1,3.8,2.1,3.1,3.8,2.1,3.1,3.8,2.1,,,,3.35,4.0,2.1,3.13,3.82,2.05,,,,1.57,2.38,,,1.62,2.38,1.59,2.26,,,0.25,2.05,1.8,,,2.05,1.86,1.97,1.79,,,,,,,,,,,,,,,,,,,,,,,,,,,,,,,,,,,,,,,,,,,,,,,,,,,,,,,,,,,,
E1,02/05/2026,12:30,Sheffield Weds,West Brom,L Smith,5.75,4.75,1.46,6.0,4.5,1.5,5.75,4.35,1.52,6.0,4.4,1.5,5.75,4.5,1.52,5.75,4.5,1.53,5.5,4.4,1.53,,,,6.0,4.75,1.53,5.79,4.46,1.49,,,,1.62,2.3,,,1.62,2.3,1.59,2.25,,,1.0,2.05,1.8,,,2.05,1.8,1.98,1.76,,,,,,,,,,,,,,,,,,,,,,,,,,,,,,,,,,,,,,,,,,,,,,,,,,,,,,,,,,,,
E1,02/05/2026,12:30,Swansea,Charlton,W Finnie,1.71,3.8,4.33,1.8,3.75,4.33,1.74,3.85,4.3,1.75,3.8,4.4,1.77,3.8,4.4,1.75,3.8,4.4,1.75,3.75,4.33,,,,1.8,4.0,4.4,1.75,3.8,4.28,,,,1.8,2.0,,,1.8,2.12,1.73,2.01,,,-0.5,1.8,2.05,,,1.8,2.05,1.72,2.01,,,,,,,,,,,,,,,,,,,,,,,,,,,,,,,,,,,,,,,,,,,,,,,,,,,,,,,,,,,,
E1,02/05/2026,12:30,Watford,Coventry,R Ricardo,3.3,4.0,1.91,3.3,4.0,2.0,3.35,3.7,2.02,3.4,3.8,2.0,3.3,3.9,2.0,3.3,3.9,2.0,3.3,3.9,2.0,,,,3.4,4.0,2.05,3.28,3.87,1.99,,,,1.57,2.38,,,1.57,2.45,1.54,2.36,,,0.5,1.85,2.0,,,1.85,2.0,1.8,1.93,,,,,,,,,,,,,,,,,,,,,,,,,,,,,,,,,,,,,,,,,,,,,,,,,,,,,,,,,,,,
E1,02/05/2026,12:30,Wrexham,Middlesbrough,O Langford,2.57,3.75,2.35,2.63,3.6,2.5,2.65,3.65,2.43,2.63,3.7,2.45,2.65,3.6,2.45,2.62,3.6,2.45,2.62,3.6,2.45,,,,2.66,3.75,2.5,2.61,3.65,2.42,,,,1.67,2.2,,,1.68,2.25,1.63,2.18,,,0.0,2.0,1.85,,,2.0,1.85,1.94,1.8,,,,,,,,,,,,,,,,,,,,,,,,,,,,,,,,,,,,,,,,,,,,,,,,,,,,,,,,,,,,
E2,02/05/2026,15:00,AFC Wimbledon,Huddersfield,G Laflin,2.65,3.75,2.25,2.8,3.5,2.38,2.85,3.55,2.25,2.75,3.5,2.4,2.8,3.6,2.3,2.87,3.6,2.3,2.8,3.6,2.3,,,,2.88,3.75,2.42,2.75,3.56,2.31,,,,1.75,2.05,,,1.86,2.05,1.76,1.98,,,0.25,1.78,2.1,,,1.8,2.1,1.72,2.03,,,,,,,,,,,,,,,,,,,,,,,,,,,,,,,,,,,,,,,,,,,,,,,,,,,,,,,,,,,,
E2,02/05/2026,15:00,Barnsley,Stockport,S Stockbridge,3.4,4.2,1.81,3.75,4.0,1.83,,,,3.7,3.9,1.87,3.6,3.8,1.87,3.7,3.9,1.91,3.6,3.9,1.91,,,,3.75,4.2,1.91,3.55,3.92,1.86,,,,1.53,2.4,,,1.53,2.5,1.51,2.41,,,0.5,1.98,1.88,,,1.98,1.88,1.89,1.82,,,,,,,,,,,,,,,,,,,,,,,,,,,,,,,,,,,,,,,,,,,,,,,,,,,,,,,,,,,,
E2,02/05/2026,15:00,Bolton,Luton,M Corlett,2.4,4.0,2.35,2.5,3.75,2.5,2.5,3.65,2.55,2.55,3.7,2.5,2.55,3.7,2.45,2.6,3.7,2.5,2.6,3.7,2.5,,,,2.6,4.0,2.6,2.5,3.71,2.47,,,,1.57,2.35,,,1.58,2.4,1.55,2.32,,,0.0,1.95,1.9,,,1.95,1.9,1.88,1.83,,,,,,,,,,,,,,,,,,,,,,,,,,,,,,,,,,,,,,,,,,,,,,,,,,,,,,,,,,,,
E2,02/05/2026,15:00,Exeter,Bradford,O Yates,3.25,3.6,2.01,3.25,3.5,2.15,3.35,3.35,2.08,3.3,3.5,2.1,3.3,3.4,2.05,3.4,3.5,2.1,3.4,3.5,2.1,,,,3.4,3.6,2.15,3.28,3.47,2.07,,,,1.93,1.93,,,1.95,1.93,1.87,1.84,,,0.25,2.03,1.83,,,2.03,1.83,1.95,1.77,,,,,,,,,,,,,,,,,,,,,,,,,,,,,,,,,,,,,,,,,,,,,,,,,,,,,,,,,,,,
E2,02/05/2026,15:00,Leyton Orient,Burton,P Howard,1.71,3.8,4.2,1.8,3.6,4.5,1.75,3.7,4.3,1.75,3.7,4.5,1.8,3.6,4.2,1.8,3.7,4.33,1.8,3.6,4.33,,,,1.8,3.8,4.5,1.76,3.67,4.26,,,,1.95,1.9,,,1.95,1.91,1.87,1.84,,,-0.5,1.75,2.05,,,1.75,2.05,1.73,1.99,,,,,,,,,,,,,,,,,,,,,,,,,,,,,,,,,,,,,,,,,,,,,,,,,,,,,,,,,,,,
E2,02/05/2026,15:00,Mansfield,Cardiff,C Breakspear,3.6,3.9,1.81,3.6,4.0,1.9,3.8,3.75,1.82,3.6,4.0,1.87,3.6,3.8,1.88,3.7,3.9,1.91,3.6,3.9,1.91,,,,3.85,4.0,1.94,3.59,3.83,1.87,,,,1.53,2.4,,,1.53,2.63,1.5,2.43,,,0.5,1.95,1.9,,,1.95,1.9,1.86,1.85,,,,,,,,,,,,,,,,,,,,,,,,,,,,,,,,,,,,,,,,,,,,,,,,,,,,,,,,,,,,
E2,02/05/2026,15:00,Northampton,Plymouth,B Speedie,5.75,5.5,1.37,7.0,5.0,1.4,7.0,4.75,1.38,7.0,4.8,1.4,6.25,4.8,1.43,6.5,4.8,1.44,6.0,4.8,1.44,,,,7.5,5.5,1.45,6.53,4.79,1.41,,,,1.53,2.4,,,1.53,2.5,1.5,2.43,,,1.25,1.93,1.93,,,1.93,1.93,1.85,1.87,,,,,,,,,,,,,,,,,,,,,,,,,,,,,,,,,,,,,,,,,,,,,,,,,,,,,,,,,,,,
E2,02/05/2026,15:00,Peterboro,Doncaster,E Duckworth,2.57,3.6,2.35,2.5,3.75,2.5,,,,2.55,3.7,2.5,2.5,3.6,2.5,2.6,3.7,2.5,2.5,3.7,2.5,,,,2.6,3.75,2.52,2.53,3.62,2.46,,,,1.57,2.35,,,1.57,2.42,1.54,2.35,,,0.0,1.95,1.9,,,1.95,1.9,1.88,1.83,,,,,,,,,,,,,,,,,,,,,,,,,,,,,,,,,,,,,,,,,,,,,,,,,,,,,,,,,,,,
E2,02/05/2026,15:00,Port Vale,Lincoln,A Humphries,4.1,4.2,1.66,5.0,3.75,1.67,5.0,3.85,1.61,5.0,3.75,1.67,4.6,3.8,1.7,4.6,3.9,1.7,4.6,3.9,1.7,,,,5.1,4.2,1.75,4.69,3.81,1.67,,,,1.93,1.93,,,1.93,1.93,1.86,1.86,,,0.75,1.93,1.93,,,1.93,1.93,1.86,1.86,,,,,,,,,,,,,,,,,,,,,,,,,,,,,,,,,,,,,,,,,,,,,,,,,,,,,,,,,,,,
E2,02/05/2026,15:00,Reading,Blackpool,B Bell,2.2,3.4,3.0,2.25,3.5,3.0,2.18,3.45,3.0,2.25,3.5,3.0,2.3,3.4,2.95,2.3,3.4,3.0,2.3,3.4,3.0,,,,2.3,3.5,3.05,2.23,3.44,2.96,,,,1.85,2.0,,,1.85,2.0,1.79,1.93,,,-0.25,1.98,1.88,,,1.98,1.88,1.91,1.81,,,,,,,,,,,,,,,,,,,,,,,,,,,,,,,,,,,,,,,,,,,,,,,,,,,,,,,,,,,,
E2,02/05/2026,15:00,Stevenage,Wigan,M Russell,1.51,4.0,5.75,1.57,3.75,6.5,1.57,3.75,5.8,1.55,3.7,6.5,1.58,3.75,5.75,1.6,3.9,5.75,1.6,3.8,5.75,,,,1.6,4.0,6.5,1.56,3.77,6.0,,,,2.25,1.62,,,2.25,1.62,2.22,1.6,,,-1.0,2.05,1.75,,,2.05,1.8,1.97,1.75,,,,,,,,,,,,,,,,,,,,,,,,,,,,,,,,,,,,,,,,,,,,,,,,,,,,,,,,,,,,
E2,02/05/2026,15:00,Wycombe,Rotherham,H Blair,1.46,4.33,5.75,1.44,4.5,6.5,1.49,4.25,6.0,1.45,4.5,6.5,1.49,4.5,5.5,1.5,4.6,5.75,1.5,4.6,5.75,,,,1.5,4.6,6.5,1.47,4.4,5.99,,,,1.65,2.2,,,1.67,2.2,1.63,2.15,,,-1.25,2.05,1.8,,,2.05,1.8,1.98,1.75,,,,,,,,,,,,,,,,,,,,,,,,,,,,,,,,,,,,,,,,,,,,,,,,,,,,,,,,,,,,
E3,02/05/2026,15:00,Barrow,Newport County,J Miles,3.1,3.3,2.2,2.88,3.3,2.4,,,,3.1,3.25,2.3,2.8,3.3,2.37,2.87,3.4,2.4,2.87,3.4,2.4,,,,3.1,3.5,2.4,2.9,3.3,2.33,,,,2.1,1.7,,,2.1,1.73,2.08,1.68,,,0.25,1.75,2.05,,,1.77,2.05,1.75,1.98,,,,,,,,,,,,,,,,,,,,,,,,,,,,,,,,,,,,,,,,,,,,,,,,,,,,,,,,,,,,
E3,02/05/2026,15:00,Bromley,Walsall,S Jackson,1.81,4.1,3.5,1.9,3.75,3.75,1.74,3.8,4.0,1.87,3.7,3.8,1.88,3.7,3.7,1.91,3.75,3.8,1.91,3.7,3.75,,,,1.91,4.1,4.0,1.84,3.75,3.71,,,,1.75,2.05,,,1.75,2.1,1.69,2.06,,,-0.5,1.9,1.95,,,1.9,1.95,1.83,1.87,,,,,,,,,,,,,,,,,,,,,,,,,,,,,,,,,,,,,,,,,,,,,,,,,,,,,,,,,,,,
E3,02/05/2026,15:00,Cheltenham,Colchester,T Reeves,3.0,3.5,2.15,3.0,3.5,2.25,3.1,3.25,2.2,3.13,3.4,2.2,3.1,3.4,2.2,3.1,3.5,2.2,3.1,3.5,2.2,,,,3.13,3.6,2.25,3.05,3.41,2.18,,,,1.93,1.93,,,1.95,1.93,1.89,1.83,,,0.25,1.93,1.93,,,1.93,1.93,1.86,1.86,,,,,,,,,,,,,,,,,,,,,,,,,,,,,,,,,,,,,,,,,,,,,,,,,,,,,,,,,,,,
E3,02/05/2026,15:00,Crawley Town,Salford,L Swabey,3.6,3.5,1.91,3.6,3.6,2.0,3.8,3.6,1.83,3.6,3.5,2.0,3.6,3.5,1.98,3.6,3.6,2.0,3.6,3.5,2.0,,,,3.8,3.6,2.0,3.6,3.53,1.94,,,,1.85,1.95,,,1.85,2.06,1.77,1.95,,,0.5,1.85,2.0,,,1.85,2.0,1.78,1.92,,,,,,,,,,,,,,,,,,,,,,,,,,,,,,,,,,,,,,,,,,,,,,,,,,,,,,,,,,,,
E3,02/05/2026,15:00,Crewe,Cambridge,N Hair,5.75,4.0,1.51,6.5,4.0,1.53,6.4,4.0,1.47,6.0,4.0,1.55,5.75,3.9,1.57,5.75,3.9,1.57,5.75,3.9,1.57,,,,6.5,4.0,1.57,5.94,3.94,1.53,,,,2.03,1.83,,,2.03,1.91,1.92,1.79,,,1.0,1.83,2.03,,,1.85,2.03,1.8,1.93,,,,,,,,,,,,,,,,,,,,,,,,,,,,,,,,,,,,,,,,,,,,,,,,,,,,,,,,,,,,
E3,02/05/2026,15:00,Fleetwood Town,Milton Keynes Dons,S Parkinson,3.8,3.8,1.79,3.75,3.6,1.91,4.0,3.4,1.83,4.0,3.6,1.87,3.9,3.5,1.88,4.0,3.6,1.91,4.0,3.5,1.91,,,,4.0,3.8,1.91,3.89,3.58,1.84,,,,1.93,1.93,,,1.93,1.93,1.86,1.84,,,0.5,1.98,1.88,,,1.98,1.9,1.89,1.82,,,,,,,,,,,,,,,,,,,,,,,,,,,,,,,,,,,,,,,,,,,,,,,,,,,,,,,,,,,,
E3,02/05/2026,15:00,Gillingham,Shrewsbury,D Rock,1.91,3.4,3.8,2.0,3.4,3.75,1.92,3.25,3.85,1.95,3.4,3.9,1.95,3.4,3.7,2.0,3.5,3.75,1.95,3.5,3.7,,,,2.0,3.5,3.9,1.94,3.37,3.74,,,,2.1,1.7,,,2.12,1.73,2.08,1.67,,,-0.5,1.98,1.88,,,1.98,1.88,1.91,1.8,,,,,,,,,,,,,,,,,,,,,,,,,,,,,,,,,,,,,,,,,,,,,,,,,,,,,,,,,,,,
E3,02/05/2026,15:00,Harrogate,Barnet,T Parsons,2.35,3.6,2.57,2.5,3.6,2.63,2.43,3.3,2.7,2.5,3.6,2.6,2.5,3.5,2.55,2.5,3.6,2.6,2.5,3.6,2.6,,,,2.54,3.66,2.7,2.45,3.53,2.58,,,,1.7,2.1,,,1.82,2.12,1.7,2.04,,,0.0,1.88,1.98,,,1.9,1.98,1.85,1.87,,,,,,,,,,,,,,,,,,,,,,,,,,,,,,,,,,,,,,,,,,,,,,,,,,,,,,,,,,,,
E3,02/05/2026,15:00,Notts County,Bristol Rvs,R Joyce,1.62,4.33,4.2,1.67,4.0,4.6,1.67,4.1,4.1,1.65,4.0,4.8,1.66,4.1,4.33,1.67,4.2,4.5,1.67,4.2,4.4,,,,1.68,4.33,4.8,1.65,4.09,4.4,,,,1.67,2.15,,,1.67,2.25,1.62,2.16,,,-0.75,1.85,2.0,,,1.85,2.0,1.8,1.92,,,,,,,,,,,,,,,,,,,,,,,,,,,,,,,,,,,,,,,,,,,,,,,,,,,,,,,,,,,,
E3,02/05/2026,15:00,Oldham,Accrington,C Brook,1.71,4.1,3.9,1.73,3.75,4.5,1.74,3.75,4.1,1.75,3.7,4.5,1.73,3.8,4.33,1.75,3.9,4.4,1.73,3.8,4.4,,,,1.81,4.1,4.5,1.74,3.76,4.19,,,,1.88,1.98,,,1.88,2.0,1.79,1.93,,,-0.75,2.03,1.83,,,2.03,1.83,1.95,1.78,,,,,,,,,,,,,,,,,,,,,,,,,,,,,,,,,,,,,,,,,,,,,,,,,,,,,,,,,,,,
E3,02/05/2026,15:00,Swindon,Chesterfield,S Oldham,2.75,3.6,2.25,2.88,3.6,2.3,2.65,3.4,2.38,2.88,3.5,2.3,2.8,3.6,2.25,2.87,3.7,2.3,2.8,3.7,2.3,,,,2.92,3.75,2.38,2.77,3.55,2.29,,,,1.7,2.1,,,1.75,2.1,1.69,2.05,,,0.25,1.8,2.05,,,1.8,2.05,1.76,1.97,,,,,,,,,,,,,,,,,,,,,,,,,,,,,,,,,,,,,,,,,,,,,,,,,,,,,,,,,,,,
E3,02/05/2026,15:00,Tranmere,Grimsby,M Coy,3.1,3.5,2.1,3.1,3.6,2.15,,,,3.2,3.5,2.15,3.3,3.5,2.05,3.3,3.5,2.1,3.3,3.5,2.1,,,,3.35,3.6,2.2,3.16,3.48,2.11,,,,1.85,2.0,,,1.85,2.0,1.79,1.93,,,0.25,1.95,1.9,,,1.95,1.9,1.88,1.84,,,,,,,,,,,,,,,,,,,,,,,,,,,,,,,,,,,,,,,,,,,,,,,,,,,,,,,,,,,,
F1,02/05/2026,14:00,Nantes,Marseille,,4.33,4.1,1.73,4.5,4.0,1.7,4.6,3.9,1.66,4.33,3.9,1.67,4.4,4.0,1.72,4.4,4.0,1.73,4.33,4.0,1.73,,,,4.75,4.1,1.73,4.45,3.95,1.68,,,,1.67,2.2,,,1.67,2.25,1.62,2.19,,,0.75,1.93,1.93,,,1.95,1.93,1.88,1.86,,,,,,,,,,,,,,,,,,,,,,,,,,,,,,,,,,,,,,,,,,,,,,,,,,,,,,,,,,,,
F1,02/05/2026,16:00,Paris SG,Lorient,,1.3,5.75,8.0,1.29,5.5,9.5,,,,,,,1.32,5.75,8.5,,,,1.3,5.75,8.5,,,,1.32,5.75,9.5,1.29,5.67,8.6,,,,1.4,3.0,,,1.41,3.0,1.39,2.86,,,-1.5,1.83,2.03,,,1.83,2.03,1.76,1.97,,,,,,,,,,,,,,,,,,,,,,,,,,,,,,,,,,,,,,,,,,,,,,,,,,,,,,,,,,,,
F1,02/05/2026,18:00,Metz,Monaco,,6.5,5.5,1.4,6.5,5.0,1.4,7.0,5.1,1.35,6.5,5.0,1.36,6.0,5.0,1.44,,,,6.0,5.0,1.44,,,,7.1,5.5,1.44,6.52,5.06,1.39,,,,1.36,3.2,,,1.38,3.2,1.37,2.95,,,1.5,1.83,2.03,,,1.83,2.03,1.75,1.98,,,,,,,,,,,,,,,,,,,,,,,,,,,,,,,,,,,,,,,,,,,,,,,,,,,,,,,,,,,,
F1,02/05/2026,20:05,Nice,Lens,,4.0,4.2,1.75,4.0,4.0,1.8,4.1,3.85,1.75,4.1,3.9,1.7,4.33,4.1,1.73,4.33,4.0,1.73,4.2,4.0,1.73,,,,4.33,4.2,1.8,4.11,3.96,1.73,,,,1.57,2.38,,,1.6,2.38,1.55,2.34,,,0.75,1.88,1.98,,,1.88,1.98,1.83,1.92,,,,,,,,,,,,,,,,,,,,,,,,,,,,,,,,,,,,,,,,,,,,,,,,,,,,,,,,,,,,
F1,03/05/2026,14:00,Lille,Le Havre,,1.42,4.75,7.5,1.4,4.5,8.0,1.37,4.5,8.0,1.36,4.33,8.0,1.43,4.5,7.5,1.44,4.5,7.5,1.44,4.5,7.5,,,,1.44,4.75,8.5,1.39,4.48,7.78,,,,1.91,1.91,,,1.91,2.0,1.82,1.91,,,-1.25,1.98,1.88,,,1.98,1.95,1.9,1.86,,,,,,,,,,,,,,,,,,,,,,,,,,,,,,,,,,,,,,,,,,,,,,,,,,,,,,,,,,,,
F1,03/05/2026,16:15,Auxerre,Angers,,1.67,3.7,5.5,1.73,3.5,5.0,1.7,3.45,5.1,1.65,3.5,5.0,1.68,3.7,5.25,1.7,3.7,5.25,1.67,3.7,5.25,,,,1.73,3.7,5.6,1.68,3.55,5.16,,,,2.2,1.67,,,2.2,1.67,2.17,1.64,,,-0.75,1.88,1.98,,,1.88,1.98,1.84,1.91,,,,,,,,,,,,,,,,,,,,,,,,,,,,,,,,,,,,,,,,,,,,,,,,,,,,,,,,,,,,
F1,03/05/2026,16:15,Paris FC,Brest,,2.0,3.5,3.75,2.05,3.5,3.5,2.04,3.5,3.35,1.95,3.4,3.5,2.0,3.5,3.6,2.0,3.5,3.6,2.0,3.5,3.6,,,,2.05,3.5,3.8,2.01,3.44,3.53,,,,1.91,1.91,,,2.0,1.91,1.89,1.84,,,-0.5,2.03,1.83,,,2.03,1.83,1.96,1.77,,,,,,,,,,,,,,,,,,,,,,,,,,,,,,,,,,,,,,,,,,,,,,,,,,,,,,,,,,,,
F1,03/05/2026,16:15,Strasbourg,Toulouse,,2.63,3.5,2.6,2.6,3.5,2.6,2.48,3.55,2.55,2.55,3.4,2.5,2.6,3.5,2.6,2.6,3.5,2.6,2.6,3.5,2.6,,,,2.66,3.6,2.6,2.56,3.48,2.54,,,,1.83,2.03,,,1.83,2.03,1.78,1.96,,,0.0,1.95,1.9,,,1.95,1.9,1.9,1.84,,,,,,,,,,,,,,,,,,,,,,,,,,,,,,,,,,,,,,,,,,,,,,,,,,,,,,,,,,,,
F1,03/05/2026,19:45,Lyon,Rennes,,2.1,3.5,2.88,2.2,3.6,3.0,2.14,3.55,3.1,2.15,3.5,2.9,2.2,3.7,3.0,2.2,3.7,3.0,2.2,3.7,3.0,,,,2.2,3.7,3.1,2.16,3.59,2.99,,,,1.67,2.2,,,1.67,2.2,1.65,2.14,,,-0.25,1.93,1.93,,,1.93,1.93,1.88,1.87,,,,,,,,,,,,,,,,,,,,,,,,,,,,,,,,,,,,,,,,,,,,,,,,,,,,,,,,,,,,
F2,02/05/2026,19:00,Amiens,Red Star,,4.2,3.6,1.7,4.2,3.6,1.73,3.9,3.75,1.77,4.33,3.7,1.7,4.1,3.8,1.75,,,,3.9,3.6,1.73,,,,4.33,4.2,1.77,4.08,3.74,1.72,,,,1.75,2.05,,,1.8,2.05,1.74,1.99,,,0.75,1.85,1.95,,,1.85,1.95,1.81,1.9,,,,,,,,,,,,,,,,,,,,,,,,,,,,,,,,,,,,,,,,,,,,,,,,,,,,,,,,,,,,
F2,02/05/2026,19:00,Boulogne,Annecy,,3.7,3.3,1.95,3.5,3.25,2.0,3.55,3.1,2.07,3.6,3.25,2.0,3.6,3.25,2.05,,,,3.4,3.1,2.0,,,,3.7,3.5,2.08,3.52,3.21,2.01,,,,2.15,1.67,,,2.2,1.67,2.14,1.64,,,0.5,1.83,1.98,,,1.83,2.0,1.74,1.98,,,,,,,,,,,,,,,,,,,,,,,,,,,,,,,,,,,,,,,,,,,,,,,,,,,,,,,,,,,,
F2,02/05/2026,19:00,Dunkerque,Grenoble,,1.91,3.2,3.5,2.0,3.4,3.4,2.08,3.3,3.25,2.0,3.4,3.4,2.0,3.4,3.6,,,,1.95,3.2,3.4,,,,2.08,3.4,4.0,1.98,3.31,3.48,,,,1.88,1.93,,,1.91,1.93,1.85,1.86,,,-0.5,2.0,1.8,,,2.0,1.8,1.94,1.77,,,,,,,,,,,,,,,,,,,,,,,,,,,,,,,,,,,,,,,,,,,,,,,,,,,,,,,,,,,,
F2,02/05/2026,19:00,Guingamp,Bastia,,2.2,3.0,3.0,2.25,3.25,3.0,2.35,3.15,2.9,2.25,3.25,3.0,2.3,3.25,2.95,,,,2.25,3.1,2.87,,,,2.35,3.75,3.0,2.26,3.25,2.91,,,,1.98,1.83,,,2.05,1.83,1.97,1.76,,,-0.25,1.98,1.83,,,1.98,1.83,1.92,1.78,,,,,,,,,,,,,,,,,,,,,,,,,,,,,,,,,,,,,,,,,,,,,,,,,,,,,,,,,,,,
F2,02/05/2026,19:00,Le Mans,Reims,,2.4,3.1,2.7,2.38,3.3,2.75,2.6,3.2,2.63,2.4,3.3,2.75,2.55,3.25,2.7,,,,2.45,3.1,2.6,,,,2.6,3.4,2.8,2.45,3.22,2.68,,,,1.93,1.88,,,2.0,1.88,1.91,1.81,,,0.0,1.78,2.03,,,1.78,2.03,1.74,1.98,,,,,,,,,,,,,,,,,,,,,,,,,,,,,,,,,,,,,,,,,,,,,,,,,,,,,,,,,,,,
F2,02/05/2026,19:00,Montpellier,Clermont,,1.65,3.5,4.5,1.7,3.6,4.5,1.72,3.6,4.4,1.67,3.6,4.75,1.7,3.7,4.75,,,,1.67,3.5,4.4,,,,1.72,4.0,5.0,1.67,3.64,4.57,,,,1.95,1.85,,,1.95,2.0,1.89,1.83,,,-0.75,1.9,1.9,,,1.9,1.91,1.83,1.87,,,,,,,,,,,,,,,,,,,,,,,,,,,,,,,,,,,,,,,,,,,,,,,,,,,,,,,,,,,,
F2,02/05/2026,19:00,Pau FC,Nancy,,2.3,3.1,2.88,2.3,3.4,2.8,2.35,3.2,2.85,2.3,3.3,2.88,2.3,3.4,2.87,,,,2.25,3.2,2.75,,,,2.35,3.6,2.95,2.28,3.32,2.82,,,,1.9,1.9,,,1.92,1.91,1.88,1.83,,,-0.25,2.03,1.78,,,2.03,1.8,1.96,1.75,,,,,,,,,,,,,,,,,,,,,,,,,,,,,,,,,,,,,,,,,,,,,,,,,,,,,,,,,,,,
F2,02/05/2026,19:00,Rodez,St Etienne,,3.1,3.4,2.05,3.1,3.6,2.05,3.4,3.65,1.92,3.13,3.6,2.05,3.25,3.6,2.05,,,,3.1,3.4,2.0,,,,3.4,3.75,2.05,3.18,3.57,2.0,,,,1.62,2.25,,,1.62,2.4,1.59,2.23,,,0.25,1.98,1.83,,,1.98,1.83,1.94,1.77,,,,,,,,,,,,,,,,,,,,,,,,,,,,,,,,,,,,,,,,,,,,,,,,,,,,,,,,,,,,
F2,02/05/2026,19:00,Troyes,Laval,,1.5,4.33,4.5,1.57,4.0,5.0,1.54,3.9,5.6,1.53,4.0,5.5,1.58,4.2,5.0,,,,1.55,4.0,4.6,,,,1.58,4.33,5.6,1.54,4.02,5.16,,,,1.67,2.15,,,1.79,2.15,1.71,2.04,,,-1.0,1.95,1.85,,,1.95,1.85,1.9,1.8,,,,,,,,,,,,,,,,,,,,,,,,,,,,,,,,,,,,,,,,,,,,,,,,,,,,,,,,,,,,
G1,02/05/2026,15:00,Panetolikos,Kifisia,,2.5,2.82,3.1,2.5,2.88,2.88,,,,2.5,3.0,2.75,2.45,3.2,2.75,2.4,3.1,2.62,2.4,3.1,2.62,,,,2.71,3.2,3.1,2.5,2.91,2.81,,,,2.3,1.6,,,2.3,1.62,2.24,1.59,,,0.0,1.78,2.03,,,1.8,2.03,1.76,1.95,,,,,,,,,,,,,,,,,,,,,,,,,,,,,,,,,,,,,,,,,,,,,,,,,,,,,,,,,,,,
G1,02/05/2026,15:30,Panserraikos,Larisa,,2.82,3.0,2.57,2.75,3.1,2.5,,,,,,,2.65,3.2,2.6,,,,2.6,3.0,2.5,,,,2.82,3.2,2.6,2.71,3.03,2.51,,,,2.35,1.57,,,2.38,1.57,2.3,1.56,,,0.0,1.95,1.85,,,1.95,1.85,1.91,1.8,,,,,,,,,,,,,,,,,,,,,,,,,,,,,,,,,,,,,,,,,,,,,,,,,,,,,,,,,,,,
G1,02/05/2026,17:30,Asteras Tripolis,Atromitos,,1.68,3.8,4.5,1.7,3.5,4.6,1.71,3.6,4.4,1.67,3.4,5.0,1.77,3.5,4.5,,,,1.73,3.4,4.2,,,,1.77,4.0,5.0,1.69,3.55,4.5,,,,2.15,1.67,,,2.25,1.73,2.1,1.66,,,-0.75,1.95,1.85,,,1.95,1.85,1.87,1.83,,,,,,,,,,,,,,,,,,,,,,,,,,,,,,,,,,,,,,,,,,,,,,,,,,,,,,,,,,,,
G1,03/05/2026,15:00,Levadeiakos,Volos NFC,,1.62,3.8,5.0,1.7,3.6,4.5,1.68,3.6,4.7,1.67,3.5,4.75,1.72,3.6,4.6,1.67,3.5,4.33,1.67,3.5,4.33,,,,1.73,3.8,5.0,1.67,3.55,4.59,,,,1.98,1.83,,,2.0,1.83,1.91,1.79,,,-0.75,1.9,1.9,,,1.9,1.9,1.86,1.84,,,,,,,,,,,,,,,,,,,,,,,,,,,,,,,,,,,,,,,,,,,,,,,,,,,,,,,,,,,,
G1,03/05/2026,15:00,OFI Crete,Aris,,3.4,3.2,2.15,3.2,3.25,2.15,3.05,3.15,2.25,3.2,3.13,2.15,3.2,3.4,2.15,3.0,3.25,2.1,3.0,3.25,2.1,,,,3.4,3.4,2.25,3.14,3.2,2.14,,,,2.1,1.7,,,2.1,1.73,2.07,1.68,,,0.25,1.93,1.88,,,1.93,1.88,1.87,1.83,,,,,,,,,,,,,,,,,,,,,,,,,,,,,,,,,,,,,,,,,,,,,,,,,,,,,,,,,,,,
G1,03/05/2026,17:00,PAOK,Olympiakos,,3.1,3.2,2.3,3.0,3.1,2.3,2.75,3.05,2.5,3.1,3.0,2.3,3.1,3.25,2.3,2.9,3.1,2.2,2.9,3.1,2.2,,,,3.2,3.25,2.5,2.96,3.07,2.31,,,,2.35,1.57,,,2.35,1.62,2.24,1.57,,,0.25,1.8,2.0,,,1.8,2.0,1.77,1.95,,,,,,,,,,,,,,,,,,,,,,,,,,,,,,,,,,,,,,,,,,,,,,,,,,,,,,,,,,,,
G1,03/05/2026,19:00,Panathinaikos,AEK,,3.3,3.2,2.2,3.1,3.2,2.2,3.05,3.1,2.28,3.1,3.13,2.2,3.1,3.3,2.25,2.9,3.1,2.15,2.9,3.1,2.15,,,,3.3,3.3,2.28,3.05,3.14,2.2,,,,2.15,1.67,,,2.2,1.67,2.14,1.63,,,0.25,1.85,1.95,,,1.85,1.95,1.81,1.89,,,,,,,,,,,,,,,,,,,,,,,,,,,,,,,,,,,,,,,,,,,,,,,,,,,,,,,,,,,,
I1,01/05/2026,19:45,Pisa,Lecce,,3.5,3.0,2.3,3.3,3.1,2.3,3.45,3.0,2.23,3.6,2.9,2.3,3.5,2.95,2.3,3.5,3.0,2.3,3.5,2.9,2.3,,,,3.6,3.1,2.3,3.42,2.99,2.27,,,,2.63,1.5,,,2.63,1.53,2.51,1.49,,,0.25,1.9,1.95,,,1.9,1.95,1.84,1.91,,,,,,,,,,,,,,,,,,,,,,,,,,,,,,,,,,,,,,,,,,,,,,,,,,,,,,,,,,,,
I1,02/05/2026,14:00,Udinese,Torino,,2.3,3.2,3.3,2.3,3.3,3.1,2.18,3.2,3.3,2.3,3.1,3.3,2.3,3.25,3.1,2.3,3.25,3.2,2.3,3.25,3.1,,,,2.3,3.3,3.33,2.25,3.19,3.2,,,,2.1,1.73,,,2.12,1.73,2.09,1.69,,,-0.25,1.98,1.88,,,1.98,1.88,1.92,1.82,,,,,,,,,,,,,,,,,,,,,,,,,,,,,,,,,,,,,,,,,,,,,,,,,,,,,,,,,,,,
I1,02/05/2026,17:00,Como,Napoli,,2.25,3.3,3.3,2.3,3.3,3.1,,,,,,,2.25,3.3,3.2,,,,2.25,3.3,3.1,,,,2.3,3.3,3.33,2.24,3.26,3.18,,,,2.2,1.67,,,2.2,1.73,2.12,1.68,,,-0.25,1.95,1.9,,,1.95,1.9,1.92,1.86,,,,,,,,,,,,,,,,,,,,,,,,,,,,,,,,,,,,,,,,,,,,,,,,,,,,,,,,,,,,
I1,02/05/2026,19:45,Atalanta,Genoa,,1.57,4.1,5.75,1.6,4.0,5.5,1.56,3.95,5.5,1.55,4.1,5.75,1.62,4.0,5.25,1.61,4.0,5.25,1.61,3.9,5.25,,,,1.62,4.2,6.0,1.57,3.99,5.54,,,,1.8,2.0,,,1.83,2.0,1.79,1.95,,,-1.0,2.0,1.85,,,2.0,1.86,1.94,1.81,,,,,,,,,,,,,,,,,,,,,,,,,,,,,,,,,,,,,,,,,,,,,,,,,,,,,,,,,,,,
I1,03/05/2026,11:30,Bologna,Cagliari,,1.8,3.5,4.75,1.8,3.5,4.5,1.74,3.45,4.75,1.8,3.4,4.4,1.8,3.5,4.5,1.8,3.5,4.5,1.8,3.5,4.5,,,,1.83,3.6,4.9,1.78,3.43,4.55,,,,2.1,1.73,,,2.15,1.73,2.09,1.69,,,-0.75,2.05,1.75,,,2.05,1.8,2.0,1.74,,,,,,,,,,,,,,,,,,,,,,,,,,,,,,,,,,,,,,,,,,,,,,,,,,,,,,,,,,,,
I1,03/05/2026,14:00,Sassuolo,Milan,,4.5,4.1,1.73,4.6,4.0,1.7,4.6,3.8,1.67,4.5,3.9,1.67,4.4,4.1,1.7,4.4,4.2,1.7,4.4,4.0,1.7,,,,4.75,4.2,1.73,4.49,3.98,1.68,,,,1.73,2.1,,,1.73,2.2,1.69,2.1,,,0.75,1.93,1.93,,,1.95,1.93,1.89,1.85,,,,,,,,,,,,,,,,,,,,,,,,,,,,,,,,,,,,,,,,,,,,,,,,,,,,,,,,,,,,
I1,03/05/2026,17:00,Juventus,Verona,,1.22,6.5,12.0,1.22,6.0,13.0,1.2,6.0,14.0,1.2,6.0,13.0,1.24,6.25,12.0,1.25,6.0,12.0,1.25,6.0,12.0,,,,1.25,6.5,14.0,1.21,6.02,12.75,,,,1.67,2.2,,,1.67,2.25,1.62,2.21,,,-1.75,1.88,1.98,,,1.9,1.98,1.83,1.91,,,,,,,,,,,,,,,,,,,,,,,,,,,,,,,,,,,,,,,,,,,,,,,,,,,,,,,,,,,,
I1,03/05/2026,19:45,Inter,Parma,,1.22,6.0,13.0,1.22,6.0,13.0,1.21,6.1,12.0,1.18,6.5,13.0,1.24,6.5,11.5,1.25,6.5,11.0,1.22,6.5,11.0,,,,1.25,6.5,13.0,1.21,6.25,11.94,,,,1.5,2.63,,,1.5,2.63,1.48,2.55,,,-1.75,1.83,2.03,,,1.83,2.03,1.79,1.96,,,,,,,,,,,,,,,,,,,,,,,,,,,,,,,,,,,,,,,,,,,,,,,,,,,,,,,,,,,,
I1,04/05/2026,17:30,Cremonese,Lazio,,2.9,3.25,2.5,3.0,3.25,2.4,2.9,3.25,2.38,2.88,3.2,2.4,2.9,3.25,2.45,,,,2.87,3.2,2.45,,,,3.0,3.3,2.5,2.88,3.21,2.42,,,,2.1,1.73,,,2.15,1.73,2.1,1.69,,,0.0,2.1,1.78,,,2.1,1.78,2.03,1.72,,,,,,,,,,,,,,,,,,,,,,,,,,,,,,,,,,,,,,,,,,,,,,,,,,,,,,,,,,,,
I1,04/05/2026,19:45,Roma,Fiorentina,,1.62,4.2,5.0,1.62,4.0,5.0,1.58,3.9,5.4,1.6,3.8,5.25,1.65,4.0,5.0,,,,1.65,4.0,5.0,,,,1.66,4.2,5.4,1.61,3.94,5.08,,,,1.9,1.95,,,1.91,1.95,1.84,1.91,,,-0.75,1.8,2.05,,,1.8,2.05,1.77,1.97,,,,,,,,,,,,,,,,,,,,,,,,,,,,,,,,,,,,,,,,,,,,,,,,,,,,,,,,,,,,
I2,01/05/2026,14:00,Bari,Virtus Entella,,2.82,3.1,2.55,2.75,3.1,2.5,2.75,3.1,2.48,2.75,3.1,2.45,2.85,3.2,2.45,2.75,3.0,2.37,2.75,3.0,2.37,,,,3.0,3.2,2.55,2.78,3.06,2.46,,,,2.15,1.67,,,2.2,1.67,2.12,1.64,,,0.0,2.0,1.8,,,2.0,1.8,1.96,1.76,,,,,,,,,,,,,,,,,,,,,,,,,,,,,,,,,,,,,,,,,,,,,,,,,,,,,,,,,,,,
I2,01/05/2026,14:00,Carrarese,Cesena,,2.2,3.4,3.2,2.25,3.4,2.88,2.25,3.3,3.0,2.2,3.4,2.9,2.3,3.3,2.95,2.25,3.2,2.8,2.25,3.2,2.8,,,,2.36,3.4,3.2,2.25,3.31,2.92,,,,1.75,2.05,,,1.85,2.1,1.72,2.0,,,-0.25,1.93,1.88,,,1.95,1.88,1.91,1.8,,,,,,,,,,,,,,,,,,,,,,,,,,,,,,,,,,,,,,,,,,,,,,,,,,,,,,,,,,,,
I2,01/05/2026,14:00,Empoli,Avellino,,2.1,3.2,3.4,2.1,3.25,3.3,2.15,3.2,3.25,2.1,3.2,3.25,2.15,3.2,3.4,2.1,3.0,3.2,2.1,3.0,3.2,,,,2.2,3.3,3.6,2.11,3.15,3.32,,,,2.1,1.7,,,2.1,1.73,2.06,1.68,,,-0.25,1.83,1.98,,,1.83,1.98,1.79,1.92,,,,,,,,,,,,,,,,,,,,,,,,,,,,,,,,,,,,,,,,,,,,,,,,,,,,,,,,,,,,
I2,01/05/2026,14:00,Juve Stabia,Frosinone,,3.6,3.6,1.91,3.25,3.6,2.0,3.3,3.3,2.04,3.4,3.5,1.95,3.5,3.6,1.95,3.3,3.4,1.91,3.3,3.4,1.91,,,,3.75,3.75,2.04,3.39,3.48,1.96,,,,1.7,2.1,,,1.78,2.1,1.7,2.03,,,0.5,1.85,1.95,,,1.85,2.0,1.79,1.92,,,,,,,,,,,,,,,,,,,,,,,,,,,,,,,,,,,,,,,,,,,,,,,,,,,,,,,,,,,,
I2,01/05/2026,14:00,Mantova,Monza,,5.25,3.6,1.66,4.6,3.6,1.67,4.7,3.6,1.68,4.6,3.6,1.67,4.8,3.75,1.66,4.5,3.6,1.61,4.5,3.6,1.61,,,,5.25,3.8,1.7,4.69,3.61,1.66,,,,1.9,1.9,,,1.91,1.91,1.87,1.83,,,0.75,1.9,1.9,,,1.9,1.9,1.85,1.86,,,,,,,,,,,,,,,,,,,,,,,,,,,,,,,,,,,,,,,,,,,,,,,,,,,,,,,,,,,,
I2,01/05/2026,14:00,Modena,Reggiana,,1.62,3.75,5.0,1.67,3.6,4.6,1.58,3.7,5.3,1.62,3.7,4.75,1.68,3.8,4.75,1.65,3.6,4.33,1.65,3.6,4.33,,,,1.68,4.0,5.3,1.63,3.72,4.79,,,,1.83,1.98,,,1.95,2.0,1.81,1.91,,,-0.75,1.85,1.95,,,1.85,1.95,1.8,1.91,,,,,,,,,,,,,,,,,,,,,,,,,,,,,,,,,,,,,,,,,,,,,,,,,,,,,,,,,,,,
I2,01/05/2026,14:00,Padova,Pescara,,2.7,3.4,2.4,2.63,3.5,2.38,2.65,3.35,2.43,2.7,3.5,2.3,2.7,3.5,2.37,2.6,3.3,2.3,2.6,3.3,2.3,,,,2.8,3.5,2.43,2.68,3.4,2.35,,,,1.7,2.1,,,1.73,2.25,1.66,2.1,,,0.0,2.03,1.78,,,2.03,1.78,2.0,1.74,,,,,,,,,,,,,,,,,,,,,,,,,,,,,,,,,,,,,,,,,,,,,,,,,,,,,,,,,,,,
I2,01/05/2026,14:00,Palermo,Catanzaro,,1.66,4.0,4.5,1.62,4.0,4.6,1.56,3.95,5.3,1.65,3.8,4.5,1.66,4.0,4.5,1.61,3.75,4.2,1.61,3.75,4.2,,,,1.66,4.2,5.5,1.6,3.91,4.76,,,,1.7,2.1,,,1.7,2.2,1.66,2.09,,,-0.75,2.0,1.8,,,2.0,1.8,1.93,1.78,,,,,,,,,,,,,,,,,,,,,,,,,,,,,,,,,,,,,,,,,,,,,,,,,,,,,,,,,,,,
I2,01/05/2026,14:00,Sampdoria,Sudtirol,,2.2,3.1,3.3,2.25,3.1,3.1,2.15,3.1,3.35,2.2,3.1,3.13,2.25,3.2,3.1,2.2,3.1,3.0,2.2,3.1,3.0,,,,2.28,3.2,3.4,2.21,3.08,3.18,,,,2.2,1.65,,,2.23,1.67,2.15,1.62,,,-0.25,1.93,1.88,,,1.93,1.88,1.88,1.82,,,,,,,,,,,,,,,,,,,,,,,,,,,,,,,,,,,,,,,,,,,,,,,,,,,,,,,,,,,,
I2,01/05/2026,14:00,Spezia,Venezia,,4.75,3.75,1.66,4.0,3.75,1.73,4.25,3.55,1.76,4.33,3.8,1.67,4.33,4.0,1.7,4.0,3.75,1.67,4.0,3.75,1.67,,,,4.75,4.0,1.77,4.17,3.74,1.71,,,,1.62,2.25,,,1.68,2.25,1.64,2.13,,,0.75,2.0,1.8,,,2.0,1.8,1.95,1.77,,,,,,,,,,,,,,,,,,,,,,,,,,,,,,,,,,,,,,,,,,,,,,,,,,,,,,,,,,,,
N1,02/05/2026,15:30,Utrecht,NAC Breda,,1.8,3.9,4.1,1.73,3.75,4.0,,,,,,,1.77,3.9,4.2,,,,1.75,3.9,4.2,,,,1.8,4.0,4.2,1.75,3.85,3.96,,,,1.62,2.25,,,1.62,2.25,1.6,2.21,,,-0.75,2.0,1.8,,,2.0,1.8,1.95,1.75,,,,,,,,,,,,,,,,,,,,,,,,,,,,,,,,,,,,,,,,,,,,,,,,,,,,,,,,,,,,
N1,02/05/2026,17:45,Groningen,Excelsior,,1.7,4.1,4.5,1.67,4.0,4.33,1.64,4.0,4.6,1.67,4.1,4.4,1.68,4.1,4.6,,,,1.67,4.0,4.5,,,,1.7,4.2,4.7,1.65,4.08,4.41,,,,1.5,2.5,,,1.52,2.63,1.49,2.48,,,-0.75,1.85,1.95,,,1.85,1.95,1.79,1.91,,,,,,,,,,,,,,,,,,,,,,,,,,,,,,,,,,,,,,,,,,,,,,,,,,,,,,,,,,,,
N1,02/05/2026,19:00,Ajax,PSV Eindhoven,,2.45,4.2,2.45,2.4,4.0,2.38,2.48,3.9,2.43,2.5,4.0,2.38,2.5,4.0,2.45,,,,2.45,4.0,2.45,,,,2.5,4.2,2.5,2.44,3.94,2.41,,,,1.36,3.1,,,1.36,3.4,1.31,3.18,,,0.0,1.93,1.88,,,1.93,1.88,1.87,1.83,,,,,,,,,,,,,,,,,,,,,,,,,,,,,,,,,,,,,,,,,,,,,,,,,,,,,,,,,,,,
N1,02/05/2026,20:00,Nijmegen,Telstar,,1.5,4.75,5.25,1.44,4.6,5.5,1.43,4.7,6.0,1.45,4.8,5.75,1.52,4.8,5.25,1.53,4.8,5.25,1.53,4.8,5.25,,,,1.53,5.0,6.0,1.47,4.71,5.47,,,,1.36,3.1,,,1.4,3.1,1.35,2.96,,,-1.25,2.0,1.8,,,2.0,1.8,1.94,1.77,,,,,,,,,,,,,,,,,,,,,,,,,,,,,,,,,,,,,,,,,,,,,,,,,,,,,,,,,,,,
N1,03/05/2026,11:15,Volendam,Heerenveen,,3.25,4.0,2.0,3.1,4.0,1.95,3.3,3.75,1.98,3.2,3.9,2.0,3.25,3.8,2.05,3.25,3.8,2.05,3.25,3.8,2.05,,,,3.3,4.0,2.05,3.17,3.85,1.99,,,,1.48,2.6,,,1.48,2.75,1.44,2.61,,,0.5,1.8,2.0,,,1.8,2.0,1.77,1.94,,,,,,,,,,,,,,,,,,,,,,,,,,,,,,,,,,,,,,,,,,,,,,,,,,,,,,,,,,,,
N1,03/05/2026,13:30,For Sittard,Feyenoord,,5.75,5.0,1.48,5.5,4.5,1.44,5.3,4.5,1.5,6.0,4.75,1.45,5.5,4.6,1.53,5.5,4.6,1.53,5.25,4.6,1.53,,,,6.25,5.0,1.53,5.56,4.57,1.47,,,,1.5,2.5,,,1.5,2.65,1.48,2.51,,,1.25,1.8,2.0,,,1.8,2.0,1.76,1.95,,,,,,,,,,,,,,,,,,,,,,,,,,,,,,,,,,,,,,,,,,,,,,,,,,,,,,,,,,,,
N1,03/05/2026,13:30,Zwolle,Heracles,,1.48,5.0,5.5,1.44,4.5,6.0,1.42,4.8,6.1,1.44,4.75,6.0,1.49,4.6,6.0,,,,1.48,4.6,5.75,,,,1.49,5.0,6.1,1.44,4.68,5.81,,,,1.44,2.7,,,1.48,2.75,1.43,2.63,,,-1.25,1.98,1.83,,,1.98,1.83,1.92,1.79,,,,,,,,,,,,,,,,,,,,,,,,,,,,,,,,,,,,,,,,,,,,,,,,,,,,,,,,,,,,
N1,03/05/2026,15:45,AZ Alkmaar,Twente,,2.7,4.0,2.3,2.6,3.75,2.3,2.55,3.75,2.38,2.63,3.9,2.3,2.6,3.9,2.4,2.6,3.9,2.4,2.6,3.8,2.4,,,,2.7,4.0,2.4,2.59,3.8,2.33,,,,1.44,2.7,,,1.44,2.75,1.41,2.7,,,0.0,2.05,1.75,,,2.05,1.8,1.97,1.74,,,,,,,,,,,,,,,,,,,,,,,,,,,,,,,,,,,,,,,,,,,,,,,,,,,,,,,,,,,,
N1,03/05/2026,15:45,Sparta Rotterdam,Go Ahead Eagles,,2.05,3.9,3.2,2.0,3.75,3.1,1.94,3.75,3.4,2.05,3.75,3.2,2.05,3.7,3.3,2.05,3.7,3.3,2.05,3.7,3.3,,,,2.05,3.9,3.4,2.01,3.7,3.2,,,,1.57,2.35,,,1.57,2.55,1.52,2.4,,,-0.25,1.8,2.0,,,1.8,2.0,1.77,1.94,,,,,,,,,,,,,,,,,,,,,,,,,,,,,,,,,,,,,,,,,,,,,,,,,,,,,,,,,,,,
P1,02/05/2026,15:30,Arouca,Santa Clara,,2.75,3.1,2.55,2.75,3.1,2.5,,,,,,,2.87,3.1,2.45,,,,2.9,3.2,2.45,,,,2.9,3.2,2.6,2.81,3.05,2.5,,,,2.35,1.57,,,2.38,1.57,2.31,1.55,,,0.0,2.03,1.83,,,2.03,1.83,1.97,1.77,,,,,,,,,,,,,,,,,,,,,,,,,,,,,,,,,,,,,,,,,,,,,,,,,,,,,,,,,,,,
P1,02/05/2026,15:30,Moreirense,Estrela,,2.5,3.1,2.85,2.4,3.1,2.8,,,,,,,2.4,3.2,2.85,,,,2.45,3.25,2.87,,,,2.5,3.25,2.87,2.43,3.15,2.8,,,,2.2,1.65,,,2.2,1.67,2.17,1.63,,,0.0,1.8,2.05,,,1.8,2.05,1.74,2.01,,,,,,,,,,,,,,,,,,,,,,,,,,,,,,,,,,,,,,,,,,,,,,,,,,,,,,,,,,,,
P1,02/05/2026,15:30,Nacional,AVS,,1.42,4.33,7.0,1.44,4.33,6.0,,,,,,,1.47,4.5,5.75,,,,1.48,4.5,6.0,,,,1.48,4.5,7.0,1.44,4.37,6.2,,,,1.65,2.2,,,1.67,2.2,1.63,2.17,,,-1.25,2.03,1.83,,,2.03,1.83,1.94,1.79,,,,,,,,,,,,,,,,,,,,,,,,,,,,,,,,,,,,,,,,,,,,,,,,,,,,,,,,,,,,
P1,02/05/2026,18:00,Famalicao,Benfica,,5.5,4.0,1.57,5.0,4.0,1.57,5.25,3.95,1.58,5.25,3.9,1.55,5.25,4.2,1.55,,,,5.25,4.2,1.57,,,,5.8,4.2,1.62,5.2,4.01,1.55,,,,1.7,2.1,,,1.75,2.1,1.69,2.05,,,1.0,1.8,2.05,,,1.93,2.05,1.79,1.93,,,,,,,,,,,,,,,,,,,,,,,,,,,,,,,,,,,,,,,,,,,,,,,,,,,,,,,,,,,,
P1,02/05/2026,20:30,Porto,Alverca,,1.17,6.5,15.0,1.18,6.0,13.0,1.21,6.0,12.5,1.15,6.5,13.0,1.21,6.5,12.0,1.22,6.5,12.0,1.22,6.5,12.0,,,,1.22,6.5,18.5,1.19,6.18,12.91,,,,1.53,2.4,,,1.57,2.4,1.53,2.35,,,-2.0,2.03,1.83,,,2.03,1.83,1.95,1.78,,,,,,,,,,,,,,,,,,,,,,,,,,,,,,,,,,,,,,,,,,,,,,,,,,,,,,,,,,,,
P1,03/05/2026,15:30,Casa Pia,Tondela,,2.2,3.2,3.3,2.25,3.2,3.0,2.38,3.1,3.0,2.2,3.13,3.1,2.3,3.2,3.0,2.3,3.25,3.1,2.3,3.25,3.1,,,,2.38,3.25,3.3,2.26,3.15,3.07,,,,2.2,1.65,,,2.2,1.67,2.15,1.63,,,-0.25,1.98,1.88,,,1.98,1.88,1.9,1.82,,,,,,,,,,,,,,,,,,,,,,,,,,,,,,,,,,,,,,,,,,,,,,,,,,,,,,,,,,,,
P1,03/05/2026,18:00,Sp Braga,Estoril,,1.68,3.8,4.5,1.7,3.75,4.2,1.61,4.0,4.9,1.7,3.8,4.1,1.71,4.0,4.2,1.73,4.0,4.33,1.73,4.0,4.33,,,,1.75,4.0,4.9,1.69,3.86,4.33,,,,1.62,2.25,,,1.64,2.25,1.61,2.19,,,-0.75,1.93,1.93,,,1.93,1.93,1.89,1.84,,,,,,,,,,,,,,,,,,,,,,,,,,,,,,,,,,,,,,,,,,,,,,,,,,,,,,,,,,,,
P1,03/05/2026,20:30,Rio Ave,Gil Vicente,,3.8,3.5,1.91,3.6,3.4,1.95,3.5,3.25,2.06,3.6,3.4,1.91,3.7,3.5,1.93,3.75,3.6,1.95,3.7,3.6,1.95,,,,3.8,3.6,2.06,3.61,3.42,1.94,,,,1.95,1.9,,,2.0,1.9,1.92,1.8,,,0.5,1.88,1.98,,,1.88,1.98,1.81,1.89,,,,,,,,,,,,,,,,,,,,,,,,,,,,,,,,,,,,,,,,,,,,,,,,,,,,,,,,,,,,
P1,04/05/2026,20:15,Sp Lisbon,Guimaraes,,1.25,5.5,10.0,1.25,5.5,9.5,1.21,6.25,11.0,1.25,5.5,9.0,1.29,5.75,8.75,,,,1.3,5.75,9.0,,,,1.3,6.25,11.0,1.25,5.64,9.45,,,,1.48,2.6,,,1.55,2.75,1.45,2.58,,,-1.5,1.75,2.05,,,1.76,2.05,1.75,1.97,,,,,,,,,,,,,,,,,,,,,,,,,,,,,,,,,,,,,,,,,,,,,,,,,,,,,,,,,,,,
SC0,01/05/2026,19:45,Livingston,Aberdeen,C Scott,2.55,3.3,2.3,2.63,3.5,2.5,2.88,3.35,2.32,2.7,3.4,2.5,2.7,3.3,2.45,2.75,3.4,2.5,2.75,3.3,2.5,,,,2.9,3.5,2.54,2.72,3.36,2.42,,,,1.88,1.98,,,1.91,2.0,1.82,1.9,,,0.0,2.0,1.85,,,2.0,1.85,1.93,1.79,,,,,,,,,,,,,,,,,,,,,,,,,,,,,,,,,,,,,,,,,,,,,,,,,,,,,,,,,,,,
SC0,02/05/2026,15:00,Dundee,St Mirren,S McLean,2.45,3.25,2.75,2.5,3.4,2.75,,,,,,,2.5,3.3,2.65,,,,2.5,3.4,2.7,,,,2.5,3.4,2.85,2.46,3.26,2.72,,,,1.91,1.91,,,1.91,1.91,1.87,1.85,,,0.0,1.8,2.05,,,1.8,2.05,1.75,2.0,,,,,,,,,,,,,,,,,,,,,,,,,,,,,,,,,,,,,,,,,,,,,,,,,,,,,,,,,,,,
SC0,02/05/2026,15:00,Falkirk,Motherwell,D McFarlane,2.65,3.4,2.5,2.63,3.5,2.5,,,,,,,2.6,3.3,2.55,,,,2.62,3.3,2.6,,,,2.8,3.5,2.63,2.64,3.29,2.51,,,,1.85,2.0,,,1.91,2.0,1.82,1.91,,,0.0,2.0,1.85,,,2.0,1.85,1.95,1.79,,,,,,,,,,,,,,,,,,,,,,,,,,,,,,,,,,,,,,,,,,,,,,,,,,,,,,,,,,,,
SC0,02/05/2026,15:00,Kilmarnock,Dundee United,K Clancy,2.25,3.5,2.85,2.3,3.6,2.88,,,,,,,2.3,3.5,2.85,,,,2.3,3.5,2.87,,,,2.3,3.6,3.0,2.27,3.43,2.87,,,,1.73,2.1,,,1.73,2.1,1.71,2.05,,,-0.25,2.03,1.83,,,2.03,1.83,1.95,1.78,,,,,,,,,,,,,,,,,,,,,,,,,,,,,,,,,,,,,,,,,,,,,,,,,,,,,,,,,,,,
SC0,03/05/2026,12:00,Hibernian,Celtic,D Dickinson,4.0,4.1,1.71,4.0,4.0,1.8,4.6,4.2,1.62,4.0,3.8,1.73,4.0,3.8,1.78,4.2,3.9,1.8,4.0,3.8,1.8,,,,4.6,4.25,1.85,4.07,3.94,1.73,,,,1.62,2.3,,,1.62,2.45,1.58,2.27,,,0.75,1.83,2.03,,,1.83,2.03,1.79,1.93,,,,,,,,,,,,,,,,,,,,,,,,,,,,,,,,,,,,,,,,,,,,,,,,,,,,,,,,,,,,
SC0,04/05/2026,17:30,Hearts,Rangers,J Beaton,2.65,3.6,2.4,2.75,3.6,2.4,2.7,3.45,2.43,2.7,3.4,2.38,2.7,3.5,2.37,,,,2.7,3.6,2.4,,,,2.75,3.6,2.45,2.68,3.45,2.39,,,,1.73,2.1,,,1.73,2.1,1.71,2.04,,,0.0,2.05,1.8,,,2.05,1.8,1.97,1.76,,,,,,,,,,,,,,,,,,,,,,,,,,,,,,,,,,,,,,,,,,,,,,,,,,,,,,,,,,,,
SC1,01/05/2026,19:45,Ayr,St Johnstone,J Hay,4.1,3.6,1.7,4.33,3.6,1.73,4.1,3.55,1.78,4.2,3.6,1.73,4.0,3.5,1.71,4.0,3.5,1.73,4.0,3.5,1.73,,,,4.45,3.8,1.78,4.13,3.56,1.72,,,,1.83,1.98,,,1.83,2.0,1.78,1.93,,,0.75,1.83,1.98,,,1.83,1.98,1.78,1.93,,,,,,,,,,,,,,,,,,,,,,,,,,,,,,,,,,,,,,,,,,,,,,,,,,,,,,,,,,,,
SC1,01/05/2026,19:45,Dunfermline,Arbroath,C Stirling,2.1,3.25,3.0,2.15,3.2,3.2,2.15,3.2,3.2,2.15,3.1,3.2,2.1,3.1,3.1,2.15,3.1,3.1,2.15,3.1,3.1,,,,2.2,3.25,3.4,2.14,3.12,3.16,,,,2.2,1.65,,,2.2,1.67,2.15,1.63,,,-0.25,1.9,1.9,,,1.9,1.9,1.85,1.85,,,,,,,,,,,,,,,,,,,,,,,,,,,,,,,,,,,,,,,,,,,,,,,,,,,,,,,,,,,,
SC1,01/05/2026,19:45,Morton,Airdrie Utd,N Walsh,2.2,3.2,2.88,2.3,3.4,2.8,2.43,3.3,2.7,2.2,3.3,3.0,2.2,3.2,2.85,2.2,3.25,2.87,2.2,3.25,2.87,,,,2.43,3.4,3.0,2.25,3.28,2.83,,,,1.85,1.95,,,1.91,1.95,1.81,1.9,,,-0.25,1.95,1.85,,,1.95,1.85,1.91,1.8,,,,,,,,,,,,,,,,,,,,,,,,,,,,,,,,,,,,,,,,,,,,,,,,,,,,,,,,,,,,
SC1,01/05/2026,19:45,Partick,Queens Park,J Wilkie,1.57,3.8,4.75,1.53,4.0,5.5,1.45,4.25,6.25,1.53,4.0,5.25,1.55,3.9,4.75,1.55,3.9,4.8,1.55,3.9,4.8,,,,1.58,4.25,6.25,1.52,3.98,5.2,,,,1.73,2.08,,,1.75,2.1,1.69,2.05,,,-1.0,2.0,1.8,,,2.0,1.8,1.93,1.78,,,,,,,,,,,,,,,,,,,,,,,,,,,,,,,,,,,,,,,,,,,,,,,,,,,,,,,,,,,,
SC1,01/05/2026,19:45,Raith Rvs,Ross County,D Nicolson,2.7,3.25,2.35,2.75,3.5,2.3,2.55,3.7,2.32,2.7,3.2,2.4,2.6,3.2,2.35,2.62,3.2,2.37,2.62,3.2,2.37,,,,2.75,4.0,2.4,2.62,3.42,2.33,,,,2.05,1.75,,,2.05,1.93,1.91,1.8,,,0.0,2.05,1.75,,,2.05,2.05,1.92,1.8,,,,,,,,,,,,,,,,,,,,,,,,,,,,,,,,,,,,,,,,,,,,,,,,,,,,,,,,,,,,
SC2,02/05/2026,15:00,Alloa,Queen of Sth,D Williams,2.15,3.4,2.8,2.15,3.4,2.88,2.33,3.4,2.55,2.2,3.4,2.88,2.15,3.4,2.75,2.15,3.4,2.75,2.15,3.4,2.75,,,,2.33,3.6,2.88,2.18,3.41,2.75,,,,1.73,2.08,,,1.73,2.2,1.65,2.06,,,-0.25,1.95,1.85,,,1.95,1.85,1.86,1.77,,,,,,,,,,,,,,,,,,,,,,,,,,,,,,,,,,,,,,,,,,,,,,,,,,,,,,,,,,,,
SC2,02/05/2026,15:00,Cove Rangers,East Fife,E Anderson,2.15,3.0,3.2,2.1,3.4,2.88,2.0,3.25,3.25,2.15,3.4,3.0,2.05,3.3,2.95,2.1,3.3,2.9,2.1,3.3,2.9,,,,2.15,3.4,3.25,2.08,3.28,3.03,,,,1.75,2.05,,,1.77,2.05,1.72,1.96,,,-0.25,1.9,1.9,,,1.9,1.9,1.81,1.83,,,,,,,,,,,,,,,,,,,,,,,,,,,,,,,,,,,,,,,,,,,,,,,,,,,,,,,,,,,,
SC2,02/05/2026,15:00,Inverness C,Hamilton,C Graham,1.38,4.1,7.5,1.33,4.5,7.0,1.41,4.1,6.5,1.36,4.6,7.0,1.36,4.6,6.25,1.36,4.6,6.0,1.36,4.6,6.0,,,,1.41,5.0,7.5,1.37,4.37,6.45,,,,1.6,2.3,,,1.64,2.38,1.56,2.22,,,-1.25,1.83,1.98,,,1.83,1.98,1.79,1.86,,,,,,,,,,,,,,,,,,,,,,,,,,,,,,,,,,,,,,,,,,,,,,,,,,,,,,,,,,,,
SC2,02/05/2026,15:00,Montrose,Stenhousemuir,C Steven,4.1,3.9,1.65,4.2,3.75,1.67,4.1,3.4,1.74,4.5,3.7,1.67,4.1,3.8,1.63,4.0,3.8,1.65,4.0,3.8,1.65,,,,4.5,4.5,1.74,4.08,3.72,1.67,,,,1.73,2.08,,,1.85,2.1,1.71,1.98,,,0.75,1.93,1.88,,,1.93,1.88,1.82,1.82,,,,,,,,,,,,,,,,,,,,,,,,,,,,,,,,,,,,,,,,,,,,,,,,,,,,,,,,,,,,
SC2,02/05/2026,15:00,Peterhead,Kelty Hearts,G Calder,1.83,3.6,3.5,1.83,3.5,3.6,1.8,3.55,3.65,1.8,3.5,3.9,1.85,3.4,3.4,1.85,3.5,3.5,1.85,3.5,3.5,,,,1.85,3.8,3.9,1.8,3.51,3.65,,,,1.75,2.05,,,1.77,2.08,1.7,1.99,,,-0.5,1.85,1.95,,,1.85,1.95,1.77,1.87,,,,,,,,,,,,,,,,,,,,,,,,,,,,,,,,,,,,,,,,,,,,,,,,,,,,,,,,,,,,
SC3,02/05/2026,15:00,Annan Athletic,Forfar,G Hanvidge,2.25,3.2,2.8,2.25,3.3,2.75,,,,,,,2.25,3.25,2.7,,,,2.25,3.25,2.7,,,,2.3,3.5,2.8,2.25,3.24,2.72,,,,1.85,1.95,,,1.85,2.0,1.77,1.89,,,-0.25,2.03,1.78,,,2.03,1.78,1.94,1.69,,,,,,,,,,,,,,,,,,,,,,,,,,,,,,,,,,,,,,,,,,,,,,,,,,,,,,,,,,,,
SC3,02/05/2026,15:00,East Kilbride,Clyde,S Murdoch,1.62,3.9,4.1,1.6,4.0,4.33,,,,,,,1.62,3.9,4.1,,,,1.61,3.9,4.0,,,,1.65,4.2,4.33,1.62,3.9,4.07,,,,1.53,2.38,,,1.53,2.5,1.5,2.36,,,-0.75,1.83,1.98,,,1.83,1.98,1.77,1.85,,,,,,,,,,,,,,,,,,,,,,,,,,,,,,,,,,,,,,,,,,,,,,,,,,,,,,,,,,,,
SC3,02/05/2026,15:00,Edinburgh City,Dumbarton,D Graves,5.25,5.0,1.38,6.5,4.6,1.36,,,,,,,5.75,4.8,1.36,,,,5.75,4.8,1.36,,,,6.5,5.25,1.41,5.75,4.66,1.37,,,,1.53,2.38,,,1.53,2.5,1.5,2.37,,,1.25,1.98,1.83,,,1.98,1.83,1.82,1.8,,,,,,,,,,,,,,,,,,,,,,,,,,,,,,,,,,,,,,,,,,,,,,,,,,,,,,,,,,,,
SC3,02/05/2026,15:00,Elgin,Stranraer,A Hendry,2.1,3.3,3.0,2.1,3.4,2.88,,,,,,,2.1,3.3,2.9,,,,2.1,3.3,2.9,,,,2.15,3.4,3.0,2.1,3.29,2.93,,,,1.8,2.0,,,1.8,2.0,1.73,1.95,,,-0.25,1.93,1.88,,,1.93,1.88,1.84,1.78,,,,,,,,,,,,,,,,,,,,,,,,,,,,,,,,,,,,,,,,,,,,,,,,,,,,,,,,,,,,
SC3,02/05/2026,15:00,Stirling,Spartans,G Irvine,5.5,3.9,1.48,5.5,4.0,1.5,,,,,,,5.25,4.2,1.46,,,,5.25,4.2,1.48,,,,5.5,4.2,1.5,5.29,3.99,1.48,,,,1.67,2.15,,,1.67,2.2,1.61,2.12,,,1.0,1.95,1.85,,,1.95,1.85,1.84,1.78,,,,,,,,,,,,,,,,,,,,,,,,,,,,,,,,,,,,,,,,,,,,,,,,,,,,,,,,,,,,
SP1,01/05/2026,20:00,Girona,Mallorca,,2.05,3.4,3.75,2.05,3.6,3.4,1.98,3.4,3.6,2.05,3.4,3.7,2.05,3.5,3.5,2.05,3.5,3.5,2.05,3.5,3.5,,,,2.1,3.6,3.75,2.04,3.43,3.57,,,,1.85,2.0,,,1.85,2.0,1.81,1.94,,,-0.5,2.05,1.8,,,2.05,1.8,2.0,1.74,,,,,,,,,,,,,,,,,,,,,,,,,,,,,,,,,,,,,,,,,,,,,,,,,,,,,,,,,,,,
SP1,02/05/2026,13:00,Villarreal,Levante,,1.7,4.33,4.33,1.7,4.2,4.33,1.63,4.1,4.6,1.7,4.1,4.5,1.77,4.0,4.2,1.75,4.0,4.2,1.75,3.9,4.2,,,,1.77,4.33,4.6,1.7,4.09,4.31,,,,1.57,2.38,,,1.6,2.38,1.56,2.31,,,-0.75,1.9,1.95,,,1.9,1.95,1.85,1.89,,,,,,,,,,,,,,,,,,,,,,,,,,,,,,,,,,,,,,,,,,,,,,,,,,,,,,,,,,,,
SP1,02/05/2026,15:15,Valencia,Ath Madrid,,1.8,3.9,4.0,1.8,3.75,4.2,,,,,,,1.8,3.75,4.2,,,,1.8,3.75,4.2,,,,1.8,4.0,4.33,1.78,3.77,4.19,,,,1.83,2.03,,,1.83,2.03,1.77,1.97,,,-0.5,1.75,2.05,,,1.75,2.05,1.72,2.0,,,,,,,,,,,,,,,,,,,,,,,,,,,,,,,,,,,,,,,,,,,,,,,,,,,,,,,,,,,,
SP1,02/05/2026,17:30,Alaves,Ath Bilbao,,2.7,3.4,2.55,2.63,3.3,2.63,2.63,3.4,2.5,2.7,3.3,2.6,2.7,3.3,2.55,,,,2.7,3.3,2.6,,,,2.7,3.6,2.63,2.65,3.35,2.55,,,,2.0,1.8,,,2.0,1.8,1.97,1.76,,,0.0,2.0,1.85,,,2.0,1.86,1.93,1.82,,,,,,,,,,,,,,,,,,,,,,,,,,,,,,,,,,,,,,,,,,,,,,,,,,,,,,,,,,,,
SP1,02/05/2026,20:00,Osasuna,Barcelona,,4.5,4.0,1.7,4.2,4.2,1.73,4.25,3.9,1.72,4.5,4.1,1.7,4.2,4.0,1.75,4.2,4.0,1.75,4.2,4.0,1.73,,,,4.75,4.2,1.75,4.35,3.97,1.71,,,,1.57,2.38,,,1.57,2.55,1.52,2.43,,,0.75,1.95,1.9,,,1.95,1.9,1.88,1.87,,,,,,,,,,,,,,,,,,,,,,,,,,,,,,,,,,,,,,,,,,,,,,,,,,,,,,,,,,,,
SP1,03/05/2026,13:00,Celta,Elche,,1.75,3.8,4.5,1.73,4.0,4.2,1.74,3.7,4.3,1.73,3.7,4.1,1.78,3.9,4.2,1.8,3.9,4.2,1.8,3.9,4.2,,,,1.8,4.0,4.5,1.75,3.81,4.24,,,,1.73,2.1,,,1.74,2.1,1.71,2.06,,,-0.75,2.0,1.85,,,2.0,1.86,1.94,1.81,,,,,,,,,,,,,,,,,,,,,,,,,,,,,,,,,,,,,,,,,,,,,,,,,,,,,,,,,,,,
SP1,03/05/2026,15:15,Getafe,Vallecano,,1.91,3.3,4.2,1.95,3.2,4.2,1.96,3.1,4.1,1.87,3.0,4.33,2.0,3.2,4.1,2.0,3.2,4.0,2.0,3.1,4.0,,,,2.0,3.33,4.33,1.93,3.17,4.15,,,,2.75,1.44,,,2.75,1.5,2.62,1.45,,,-0.5,1.93,1.93,,,1.95,1.93,1.9,1.83,,,,,,,,,,,,,,,,,,,,,,,,,,,,,,,,,,,,,,,,,,,,,,,,,,,,,,,,,,,,
SP1,03/05/2026,17:30,Betis,Oviedo,,1.57,4.1,5.75,1.57,4.0,5.5,1.54,4.0,5.75,1.5,3.9,5.75,1.58,4.0,5.75,1.57,4.0,5.75,1.57,4.0,5.75,,,,1.58,4.33,6.4,1.54,4.02,5.75,,,,1.88,1.98,,,1.91,1.98,1.83,1.9,,,-1.0,1.98,1.88,,,1.98,1.9,1.91,1.84,,,,,,,,,,,,,,,,,,,,,,,,,,,,,,,,,,,,,,,,,,,,,,,,,,,,,,,,,,,,
SP1,03/05/2026,20:00,Espanol,Real Madrid,,4.5,3.9,1.73,4.0,4.0,1.8,4.35,3.9,1.7,4.0,3.9,1.7,4.33,3.9,1.75,4.33,3.9,1.75,4.2,3.9,1.75,,,,4.75,4.0,1.8,4.3,3.84,1.73,,,,1.57,2.38,,,1.57,2.5,1.53,2.39,,,0.75,1.9,1.95,,,1.9,1.95,1.85,1.9,,,,,,,,,,,,,,,,,,,,,,,,,,,,,,,,,,,,,,,,,,,,,,,,,,,,,,,,,,,,
SP1,04/05/2026,20:00,Sevilla,Sociedad,,2.38,3.5,2.9,2.3,3.5,3.0,2.38,3.25,2.85,2.3,3.25,2.8,2.45,3.3,2.87,,,,2.45,3.3,2.87,,,,2.45,3.5,3.0,2.34,3.35,2.87,,,,1.98,1.88,,,1.98,1.91,1.92,1.82,,,-0.25,2.05,1.8,,,2.05,1.8,1.98,1.76,,,,,,,,,,,,,,,,,,,,,,,,,,,,,,,,,,,,,,,,,,,,,,,,,,,,,,,,,,,,
SP2,01/05/2026,15:15,Andorra,Albacete,,1.56,4.2,5.0,1.6,4.0,4.6,1.64,3.7,4.8,1.57,3.9,5.0,1.61,3.75,4.8,1.6,3.6,4.6,1.6,3.6,4.6,,,,1.64,4.2,5.0,1.59,3.85,4.82,,,,1.7,2.1,,,1.79,2.1,1.7,2.03,,,-1.0,2.03,1.78,,,2.03,1.78,1.96,1.75,,,,,,,,,,,,,,,,,,,,,,,,,,,,,,,,,,,,,,,,,,,,,,,,,,,,,,,,,,,,
SP2,01/05/2026,17:30,La Coruna,Leganes,,1.53,4.1,5.25,1.53,4.0,5.5,1.58,3.75,5.2,1.53,3.9,5.5,1.53,3.9,5.5,1.5,3.8,5.25,1.5,3.8,5.25,,,,1.58,4.1,6.0,1.53,3.86,5.46,,,,1.85,1.95,,,1.91,1.95,1.82,1.89,,,-1.0,1.98,1.83,,,1.98,1.83,1.9,1.81,,,,,,,,,,,,,,,,,,,,,,,,,,,,,,,,,,,,,,,,,,,,,,,,,,,,,,,,,,,,
SP2,01/05/2026,20:00,Zaragoza,Granada,,1.96,3.2,3.9,2.0,3.25,3.5,2.12,3.1,3.35,2.0,3.2,3.5,2.1,3.1,3.3,2.05,3.1,3.25,2.05,3.1,3.25,,,,2.12,3.25,3.9,2.03,3.14,3.5,,,,2.15,1.67,,,2.2,1.67,2.14,1.64,,,-0.5,2.03,1.78,,,2.05,1.8,1.98,1.74,,,,,,,,,,,,,,,,,,,,,,,,,,,,,,,,,,,,,,,,,,,,,,,,,,,,,,,,,,,,
SP2,02/05/2026,15:15,Cultural Leonesa,Cadiz,,2.05,3.25,3.6,2.15,3.25,3.2,,,,,,,2.1,3.1,3.2,,,,2.1,3.1,3.1,,,,2.15,3.25,3.6,2.09,3.18,3.27,,,,2.08,1.73,,,2.1,1.75,2.03,1.71,,,-0.25,1.83,1.98,,,1.83,1.98,1.79,1.93,,,,,,,,,,,,,,,,,,,,,,,,,,,,,,,,,,,,,,,,,,,,,,,,,,,,,,,,,,,,
SP2,02/05/2026,17:30,Castellon,Cordoba,,1.53,4.5,5.0,1.53,4.2,5.0,1.61,4.0,4.6,1.53,4.2,4.8,1.57,4.0,4.75,,,,1.55,3.9,4.6,,,,1.61,4.5,5.33,1.55,4.16,4.79,,,,1.48,2.6,,,1.52,2.63,1.47,2.54,,,-1.0,1.9,1.9,,,1.9,1.9,1.86,1.85,,,,,,,,,,,,,,,,,,,,,,,,,,,,,,,,,,,,,,,,,,,,,,,,,,,,,,,,,,,,
SP2,02/05/2026,20:00,Eibar,Malaga,,2.01,3.3,3.75,2.05,3.3,3.4,1.98,3.25,3.65,2.05,3.2,3.4,2.05,3.2,3.4,2.05,3.1,3.3,2.05,3.1,3.3,,,,2.12,3.3,3.75,2.03,3.19,3.47,,,,2.08,1.73,,,2.1,1.75,2.05,1.69,,,-0.5,2.05,1.75,,,2.05,1.77,2.0,1.72,,,,,,,,,,,,,,,,,,,,,,,,,,,,,,,,,,,,,,,,,,,,,,,,,,,,,,,,,,,,
SP2,03/05/2026,13:00,Santander,Huesca,,1.46,4.5,5.75,1.44,4.2,6.0,1.52,4.1,5.5,1.45,4.2,6.0,1.49,4.2,5.5,1.48,4.2,5.25,1.48,4.2,5.25,,,,1.52,4.5,6.5,1.46,4.21,5.73,,,,1.62,2.25,,,1.67,2.25,1.62,2.17,,,-1.25,2.05,1.75,,,2.05,1.8,1.98,1.74,,,,,,,,,,,,,,,,,,,,,,,,,,,,,,,,,,,,,,,,,,,,,,,,,,,,,,,,,,,,
SP2,03/05/2026,15:15,Sp Gijon,Ceuta,,1.62,4.1,4.5,1.67,3.75,4.5,1.6,3.8,5.1,1.62,3.8,4.75,1.68,3.7,4.33,1.67,3.6,4.2,1.67,3.6,4.2,,,,1.68,4.1,5.33,1.63,3.74,4.68,,,,1.73,2.08,,,1.8,2.08,1.74,1.98,,,-0.75,1.85,1.95,,,1.85,1.95,1.79,1.92,,,,,,,,,,,,,,,,,,,,,,,,,,,,,,,,,,,,,,,,,,,,,,,,,,,,,,,,,,,,
SP2,03/05/2026,17:30,Sociedad B,Burgos,,2.85,3.25,2.4,2.75,3.1,2.5,2.85,3.05,2.43,2.8,3.1,2.4,2.7,3.1,2.45,2.7,3.1,2.4,2.7,3.1,2.4,,,,2.9,3.25,2.58,2.76,3.1,2.43,,,,2.25,1.62,,,2.25,1.67,2.16,1.63,,,0.0,2.05,1.75,,,2.05,1.8,1.98,1.74,,,,,,,,,,,,,,,,,,,,,,,,,,,,,,,,,,,,,,,,,,,,,,,,,,,,,,,,,,,,
SP2,03/05/2026,20:00,Las Palmas,Valladolid,,1.79,3.5,4.33,1.83,3.4,4.0,1.88,3.3,3.95,1.83,3.3,4.0,1.87,3.3,3.9,1.85,3.2,3.75,1.85,3.2,3.75,,,,1.88,3.5,4.55,1.84,3.29,4.02,,,,2.05,1.75,,,2.05,1.8,2.01,1.72,,,-0.5,1.85,1.95,,,1.85,1.95,1.81,1.89,,,,,,,,,,,,,,,,,,,,,,,,,,,,,,,,,,,,,,,,,,,,,,,,,,,,,,,,,,,,
SP2,04/05/2026,19:30,Almeria,Mirandes,,1.45,4.5,6.0,1.44,4.5,5.5,1.41,4.5,6.5,1.44,4.4,5.75,1.46,4.33,5.75,,,,1.44,4.2,5.5,,,,1.48,4.75,6.5,1.43,4.44,5.84,,,,1.5,2.5,,,1.55,2.63,1.49,2.48,,,-1.25,2.0,1.8,,,2.0,1.83,1.92,1.79,,,,,,,,,,,,,,,,,,,,,,,,,,,,,,,,,,,,,,,,,,,,,,,,,,,,,,,,,,,,
T1,01/05/2026,15:00,Rizespor,Konyaspor,,1.81,3.6,4.0,1.83,3.6,3.75,1.92,3.6,3.6,1.85,3.7,3.8,1.87,3.7,3.75,1.91,3.75,3.8,1.91,3.7,3.8,,,,1.92,3.75,4.0,1.85,3.61,3.73,,,,1.7,2.1,,,1.72,2.2,1.68,2.08,,,-0.5,1.85,1.95,,,1.85,1.95,1.81,1.88,,,,,,,,,,,,,,,,,,,,,,,,,,,,,,,,,,,,,,,,,,,,,,,,,,,,,,,,,,,,
T1,01/05/2026,18:00,Gaziantep,Besiktas,,3.6,3.9,1.86,3.25,3.75,1.91,3.55,3.75,1.89,3.4,3.8,1.87,3.4,3.7,1.95,3.5,3.8,2.0,3.4,3.75,1.95,,,,3.6,3.9,2.0,3.38,3.75,1.9,,,,1.48,2.6,,,1.53,2.63,1.48,2.49,,,0.5,1.9,1.9,,,1.9,1.93,1.82,1.87,,,,,,,,,,,,,,,,,,,,,,,,,,,,,,,,,,,,,,,,,,,,,,,,,,,,,,,,,,,,
T1,02/05/2026,18:00,Fenerbahce,Buyuksehyr,,1.61,4.33,4.5,1.6,4.0,4.6,1.61,3.9,5.0,1.62,4.0,4.4,1.61,4.2,4.75,,,,1.61,4.2,4.8,,,,1.63,4.33,5.0,1.6,4.04,4.57,,,,1.5,2.5,,,1.6,2.63,1.51,2.41,,,-0.75,1.8,2.0,,,1.8,2.0,1.76,1.95,,,,,,,,,,,,,,,,,,,,,,,,,,,,,,,,,,,,,,,,,,,,,,,,,,,,,,,,,,,,
T1,02/05/2026,18:00,Samsunspor,Galatasaray,,4.5,4.33,1.61,4.5,4.0,1.62,5.2,4.0,1.57,4.6,3.9,1.62,4.5,4.1,1.65,,,,4.5,4.2,1.65,,,,5.2,4.33,1.65,4.65,4.03,1.6,,,,1.6,2.3,,,1.63,2.38,1.59,2.23,,,0.75,2.0,1.8,,,2.0,1.8,1.95,1.76,,,,,,,,,,,,,,,,,,,,,,,,,,,,,,,,,,,,,,,,,,,,,,,,,,,,,,,,,,,,
T1,02/05/2026,18:00,Trabzonspor,Goztep,,1.76,3.75,4.2,1.8,3.6,4.0,1.77,3.6,4.25,1.75,3.6,4.1,1.8,3.7,4.1,,,,1.8,3.7,4.2,,,,1.81,3.8,4.25,1.76,3.63,4.06,,,,1.8,2.0,,,1.8,2.0,1.76,1.97,,,-0.5,1.75,2.05,,,1.77,2.05,1.74,1.97,,,,,,,,,,,,,,,,,,,,,,,,,,,,,,,,,,,,,,,,,,,,,,,,,,,,,,,,,,,,
T1,03/05/2026,18:00,Antalyaspor,Alanyaspor,,3.1,3.25,2.25,2.88,3.3,2.3,3.0,3.35,2.25,2.9,3.25,2.25,2.9,3.3,2.35,3.0,3.4,2.37,2.9,3.3,2.37,,,,3.1,3.4,2.37,2.94,3.25,2.26,,,,2.03,1.78,,,2.03,1.8,1.97,1.75,,,0.25,1.8,2.0,,,1.8,2.0,1.77,1.94,,,,,,,,,,,,,,,,,,,,,,,,,,,,,,,,,,,,,,,,,,,,,,,,,,,,,,,,,,,,
T1,03/05/2026,18:00,Karagumruk,Genclerbirligi,,2.57,3.3,2.57,2.5,3.25,2.6,2.45,3.3,2.7,2.6,3.2,2.5,2.5,3.4,2.6,2.6,3.4,2.7,2.5,3.4,2.62,,,,2.62,3.4,2.7,2.52,3.24,2.59,,,,2.0,1.8,,,2.02,1.8,1.96,1.76,,,0.0,1.9,1.9,,,1.9,1.9,1.85,1.85,,,,,,,,,,,,,,,,,,,,,,,,,,,,,,,,,,,,,,,,,,,,,,,,,,,,,,,,,,,,
T1,03/05/2026,18:00,Kasimpasa,Kocaelispor,,2.2,3.1,3.4,2.2,3.1,3.25,2.2,3.1,3.4,2.15,3.1,3.3,2.2,3.2,3.2,2.25,3.25,3.25,2.25,3.25,3.25,,,,2.25,3.25,3.5,2.17,3.09,3.29,,,,2.3,1.6,,,2.38,1.6,2.28,1.56,,,-0.25,1.9,1.9,,,1.9,1.9,1.83,1.87,,,,,,,,,,,,,,,,,,,,,,,,,,,,,,,,,,,,,,,,,,,,,,,,,,,,,,,,,,,,
T1,03/05/2026,18:00,Kayserispor,Eyupspor,,1.71,3.75,4.5,1.73,3.6,4.2,1.85,3.55,3.95,1.73,3.5,4.4,1.8,3.6,4.1,1.83,3.7,4.2,1.8,3.6,4.2,,,,1.85,3.75,4.65,1.76,3.57,4.2,,,,1.93,1.88,,,1.93,1.91,1.88,1.84,,,-0.75,1.98,1.83,,,1.98,1.83,1.91,1.79,,,,,,,,,,,,,,,,,,,,,,,,,,,,,,,,,,,,,,,,,,,,,,,,,,,,,,,,,,,,
,02/05/2026,18:00,,,,2.2,3.0,3.6,,,,,,,,,,,,,,,,,,,,,,2.3,3.0,3.6,2.24,2.9,3.42,,,,,,,,,,,,,,,,,,,,,,,,,,,,,,,,,,,,,,,,,,,,,,,,,,,,,,,,,,,,,,,,,,,,,,,,,,,,,,,Argentina,Liga Profesional,Barracas Central,Banfield
,02/05/2026,18:30,,,,1.96,3.0,4.5,,,,,,,,,,,,,,,,,,,,,,2.05,3.05,4.6,1.93,2.97,4.27,,,,,,,,,,,,,,,,,,,,,,,,,,,,,,,,,,,,,,,,,,,,,,,,,,,,,,,,,,,,,,,,,,,,,,,,,,,,,,,Argentina,Liga Profesional,Lanus,Dep. Riestra
,02/05/2026,20:15,,,,5.0,3.0,1.86,,,,,,,,,,,,,,,,,,,,,,5.5,3.2,1.88,4.88,3.05,1.81,,,,,,,,,,,,,,,,,,,,,,,,,,,,,,,,,,,,,,,,,,,,,,,,,,,,,,,,,,,,,,,,,,,,,,,,,,,,,,,Argentina,Liga Profesional,Central Cordoba,Boca Juniors
,02/05/2026,22:45,,,,3.0,2.65,2.82,,,,,,,,,,,,,,,,,,,,,,3.0,3.0,2.83,2.87,2.81,2.64,,,,,,,,,,,,,,,,,,,,,,,,,,,,,,,,,,,,,,,,,,,,,,,,,,,,,,,,,,,,,,,,,,,,,,,,,,,,,,,Argentina,Liga Profesional,San Lorenzo,Independiente
,02/05/2026,22:45,,,,2.32,3.1,3.3,,,,,,,,,,,,,,,,,,,,,,2.37,3.2,3.3,2.27,3.03,3.19,,,,,,,,,,,,,,,,,,,,,,,,,,,,,,,,,,,,,,,,,,,,,,,,,,,,,,,,,,,,,,,,,,,,,,,,,,,,,,,Argentina,Liga Profesional,Union de Santa Fe,Talleres Cordoba
,03/05/2026,01:15,,,,3.2,3.0,2.4,,,,,,,,,,,,,,,,,,,,,,3.2,3.1,2.55,3.05,2.93,2.42,,,,,,,,,,,,,,,,,,,,,,,,,,,,,,,,,,,,,,,,,,,,,,,,,,,,,,,,,,,,,,,,,,,,,,,,,,,,,,,Argentina,Liga Profesional,Platense,Estudiantes L.P.
,03/05/2026,17:30,,,,3.5,3.0,2.25,,,,,,,,,,,,,,,,,,,,,,3.5,3.1,2.38,3.25,2.96,2.29,,,,,,,,,,,,,,,,,,,,,,,,,,,,,,,,,,,,,,,,,,,,,,,,,,,,,,,,,,,,,,,,,,,,,,,,,,,,,,,Argentina,Liga Profesional,Aldosivi,Ind. Rivadavia
,03/05/2026,20:00,,,,1.66,3.5,5.5,,,,,,,,,,,,,,,,,,,,,,1.73,3.5,5.8,1.68,3.32,5.36,,,,,,,,,,,,,,,,,,,,,,,,,,,,,,,,,,,,,,,,,,,,,,,,,,,,,,,,,,,,,,,,,,,,,,,,,,,,,,,Argentina,Liga Profesional,Belgrano,Sarmiento Junin
,03/05/2026,20:00,,,,4.0,2.85,2.1,,,,,,,,,,,,,,,,,,,,,,4.0,3.2,2.15,3.68,3.05,2.07,,,,,,,,,,,,,,,,,,,,,,,,,,,,,,,,,,,,,,,,,,,,,,,,,,,,,,,,,,,,,,,,,,,,,,,,,,,,,,,Argentina,Liga Profesional,Gimnasia L.P.,Argentinos Jrs
,03/05/2026,20:00,,,,2.1,2.82,4.0,,,,,,,,,,,,,,,,,,,,,,2.15,3.05,4.3,2.03,2.95,3.98,,,,,,,,,,,,,,,,,,,,,,,,,,,,,,,,,,,,,,,,,,,,,,,,,,,,,,,,,,,,,,,,,,,,,,,,,,,,,,,Argentina,Liga Profesional,Racing Club,Huracan
,03/05/2026,20:00,,,,2.05,3.0,4.0,,,,,,,,,,,,,,,,,,,,,,2.15,3.14,4.1,2.04,3.02,3.83,,,,,,,,,,,,,,,,,,,,,,,,,,,,,,,,,,,,,,,,,,,,,,,,,,,,,,,,,,,,,,,,,,,,,,,,,,,,,,,Argentina,Liga Profesional,Rosario Central,Tigre
,03/05/2026,22:30,,,,1.41,4.2,8.0,,,,,,,,,,,,,,,,,,,,,,1.45,4.33,8.9,1.41,4.13,7.48,,,,,,,,,,,,,,,,,,,,,,,,,,,,,,,,,,,,,,,,,,,,,,,,,,,,,,,,,,,,,,,,,,,,,,,,,,,,,,,Argentina,Liga Profesional,River Plate,Atl. Tucuman
,04/05/2026,21:00,,,,2.25,2.7,3.7,,,,,,,,,,,,,,,,,,,,,,2.35,3.0,3.7,2.28,2.88,3.32,,,,,,,,,,,,,,,,,,,,,,,,,,,,,,,,,,,,,,,,,,,,,,,,,,,,,,,,,,,,,,,,,,,,,,,,,,,,,,,Argentina,Liga Profesional,Gimnasia Mendoza,Defensa y Justicia
,04/05/2026,23:15,,,,1.56,3.4,6.5,,,,,,,,,,,,,,,,,,,,,,1.67,3.7,6.5,1.61,3.49,5.66,,,,,,,,,,,,,,,,,,,,,,,,,,,,,,,,,,,,,,,,,,,,,,,,,,,,,,,,,,,,,,,,,,,,,,,,,,,,,,,Argentina,Liga Profesional,Velez Sarsfield,Newells Old Boys
,05/05/2026,01:30,,,,3.5,2.7,2.35,,,,,,,,,,,,,,,,,,,,,,3.5,3.0,2.4,3.33,2.86,2.29,,,,,,,,,,,,,,,,,,,,,,,,,,,,,,,,,,,,,,,,,,,,,,,,,,,,,,,,,,,,,,,,,,,,,,,,,,,,,,,Argentina,Liga Profesional,Estudiantes Rio Cuarto,Instituto
,02/05/2026,16:00,,,,2.2,3.25,3.2,,,,,,,,,,,,,,,,,,,,,,2.28,3.25,3.2,2.2,3.21,3.04,,,,,,,,,,,,,,,,,,,,,,,,,,,,,,,,,,,,,,,,,,,,,,,,,,,,,,,,,,,,,,,,,,,,,,,,,,,,,,,Austria,Bundesliga,Grazer AK,Tirol
,02/05/2026,16:00,,,,2.15,3.3,3.25,,,,,,,,,,,,,,,,,,,,,,2.3,3.4,3.33,2.18,3.2,3.11,,,,,,,,,,,,,,,,,,,,,,,,,,,,,,,,,,,,,,,,,,,,,,,,,,,,,,,,,,,,,,,,,,,,,,,,,,,,,,,Austria,Bundesliga,Ried,BW Linz
,03/05/2026,13:30,,,,1.86,3.7,3.8,,,,,,,,,,,,,,,,,,,,,,1.9,3.7,3.9,1.85,3.46,3.78,,,,,,,,,,,,,,,,,,,,,,,,,,,,,,,,,,,,,,,,,,,,,,,,,,,,,,,,,,,,,,,,,,,,,,,,,,,,,,,Austria,Bundesliga,Austria Vienna,Hartberg
,03/05/2026,16:00,,,,1.61,4.0,4.75,,,,,,,,,,,,,,,,,,,,,,1.71,4.1,4.75,1.65,3.93,4.3,,,,,,,,,,,,,,,,,,,,,,,,,,,,,,,,,,,,,,,,,,,,,,,,,,,,,,,,,,,,,,,,,,,,,,,,,,,,,,,Austria,Bundesliga,Salzburg,Sturm Graz
,04/05/2026,17:30,,,,2.32,3.4,2.82,,,,,,,,,,,,,,,,,,,,,,2.45,3.4,2.9,2.36,3.2,2.77,,,,,,,,,,,,,,,,,,,,,,,,,,,,,,,,,,,,,,,,,,,,,,,,,,,,,,,,,,,,,,,,,,,,,,,,,,,,,,,Austria,Bundesliga,Altach,Wolfsberger AC
,04/05/2026,19:30,,,,1.96,3.6,3.5,,,,,,,,,,,,,,,,,,,,,,2.0,3.6,3.5,1.96,3.44,3.34,,,,,,,,,,,,,,,,,,,,,,,,,,,,,,,,,,,,,,,,,,,,,,,,,,,,,,,,,,,,,,,,,,,,,,,,,,,,,,,Austria,Bundesliga,LASK,SK Rapid
,02/05/2026,20:00,,,,1.49,4.0,6.5,,,,,,,,,,,,,,,,,,,,,,1.55,4.2,6.5,1.51,3.96,5.84,,,,,,,,,,,,,,,,,,,,,,,,,,,,,,,,,,,,,,,,,,,,,,,,,,,,,,,,,,,,,,,,,,,,,,,,,,,,,,,Brazil,Serie A,Botafogo RJ,Remo
,02/05/2026,22:30,,,,1.49,4.1,6.25,,,,,,,,,,,,,,,,,,,,,,1.55,4.2,6.6,1.5,4.02,6.13,,,,,,,,,,,,,,,,,,,,,,,,,,,,,,,,,,,,,,,,,,,,,,,,,,,,,,,,,,,,,,,,,,,,,,,,,,,,,,,Brazil,Serie A,Palmeiras,Santos
,02/05/2026,22:30,,,,2.05,3.4,3.5,,,,,,,,,,,,,,,,,,,,,,2.25,3.4,3.5,2.16,3.21,3.28,,,,,,,,,,,,,,,,,,,,,,,,,,,,,,,,,,,,,,,,,,,,,,,,,,,,,,,,,,,,,,,,,,,,,,,,,,,,,,,Brazil,Serie A,Vitoria,Coritiba
,03/05/2026,00:30,,,,1.76,3.6,4.5,,,,,,,,,,,,,,,,,,,,,,1.87,3.6,4.5,1.82,3.49,4.08,,,,,,,,,,,,,,,,,,,,,,,,,,,,,,,,,,,,,,,,,,,,,,,,,,,,,,,,,,,,,,,,,,,,,,,,,,,,,,,Brazil,Serie A,Athletico-PR,Gremio
,03/05/2026,01:00,,,,1.86,3.4,4.1,,,,,,,,,,,,,,,,,,,,,,1.95,3.5,4.2,1.88,3.38,3.95,,,,,,,,,,,,,,,,,,,,,,,,,,,,,,,,,,,,,,,,,,,,,,,,,,,,,,,,,,,,,,,,,,,,,,,,,,,,,,,Brazil,Serie A,Cruzeiro,Atletico-MG
,03/05/2026,20:00,,,,1.45,4.33,6.25,,,,,,,,,,,,,,,,,,,,,,1.5,4.5,6.8,1.45,4.27,6.31,,,,,,,,,,,,,,,,,,,,,,,,,,,,,,,,,,,,,,,,,,,,,,,,,,,,,,,,,,,,,,,,,,,,,,,,,,,,,,,Brazil,Serie A,Flamengo RJ,Vasco
,03/05/2026,20:00,,,,2.01,3.25,3.9,,,,,,,,,,,,,,,,,,,,,,2.05,3.35,4.0,2.0,3.26,3.65,,,,,,,,,,,,,,,,,,,,,,,,,,,,,,,,,,,,,,,,,,,,,,,,,,,,,,,,,,,,,,,,,,,,,,,,,,,,,,,Brazil,Serie A,Sao Paulo,Bahia
,03/05/2026,22:30,,,,3.7,3.4,2.01,,,,,,,,,,,,,,,,,,,,,,3.7,3.4,2.14,3.42,3.29,2.06,,,,,,,,,,,,,,,,,,,,,,,,,,,,,,,,,,,,,,,,,,,,,,,,,,,,,,,,,,,,,,,,,,,,,,,,,,,,,,,Brazil,Serie A,Chapecoense-SC,Bragantino
,03/05/2026,22:30,,,,2.25,3.25,3.25,,,,,,,,,,,,,,,,,,,,,,2.3,3.3,3.33,2.22,3.19,3.18,,,,,,,,,,,,,,,,,,,,,,,,,,,,,,,,,,,,,,,,,,,,,,,,,,,,,,,,,,,,,,,,,,,,,,,,,,,,,,,Brazil,Serie A,Internacional,Fluminense
,04/05/2026,00:30,,,,2.2,3.1,3.4,,,,,,,,,,,,,,,,,,,,,,2.3,3.2,3.4,2.24,3.11,3.2,,,,,,,,,,,,,,,,,,,,,,,,,,,,,,,,,,,,,,,,,,,,,,,,,,,,,,,,,,,,,,,,,,,,,,,,,,,,,,,Brazil,Serie A,Mirassol,Corinthians
,01/05/2026,12:00,,,,1.91,3.25,4.0,,,,,,,,,,,,,,,,,,,,,,1.98,3.4,4.2,1.92,3.19,3.84,,,,,,,,,,,,,,,,,,,,,,,,,,,,,,,,,,,,,,,,,,,,,,,,,,,,,,,,,,,,,,,,,,,,,,,,,,,,,,,China,Super League,Dalian Yingbo,Chongqing Tonglianglong
,01/05/2026,12:00,,,,1.86,3.5,4.0,,,,,,,,,,,,,,,,,,,,,,1.95,3.6,4.0,1.88,3.46,3.64,,,,,,,,,,,,,,,,,,,,,,,,,,,,,,,,,,,,,,,,,,,,,,,,,,,,,,,,,,,,,,,,,,,,,,,,,,,,,,,China,Super League,Henan Songshan Longmen,Liaoning Tieren
,01/05/2026,12:35,,,,1.42,4.5,6.25,,,,,,,,,,,,,,,,,,,,,,1.49,4.75,6.5,1.44,4.38,5.83,,,,,,,,,,,,,,,,,,,,,,,,,,,,,,,,,,,,,,,,,,,,,,,,,,,,,,,,,,,,,,,,,,,,,,,,,,,,,,,China,Super League,Shandong Taishan,Qingdao West Coast
,01/05/2026,12:35,,,,2.05,3.25,3.5,,,,,,,,,,,,,,,,,,,,,,2.1,3.5,3.6,2.04,3.28,3.32,,,,,,,,,,,,,,,,,,,,,,,,,,,,,,,,,,,,,,,,,,,,,,,,,,,,,,,,,,,,,,,,,,,,,,,,,,,,,,,China,Super League,Tianjin Jinmen Tiger,Wuhan Three Towns
,01/05/2026,13:00,,,,1.86,3.8,3.6,,,,,,,,,,,,,,,,,,,,,,1.97,4.0,3.6,1.92,3.74,3.28,,,,,,,,,,,,,,,,,,,,,,,,,,,,,,,,,,,,,,,,,,,,,,,,,,,,,,,,,,,,,,,,,,,,,,,,,,,,,,,China,Super League,Shanghai Shenhua,Chengdu Rongcheng
,02/05/2026,12:00,,,,3.8,3.3,1.96,,,,,,,,,,,,,,,,,,,,,,3.8,3.5,2.12,3.32,3.34,2.01,,,,,,,,,,,,,,,,,,,,,,,,,,,,,,,,,,,,,,,,,,,,,,,,,,,,,,,,,,,,,,,,,,,,,,,,,,,,,,,China,Super League,Qingdao Hainiu,Shanghai Port
,02/05/2026,12:35,,,,1.68,4.0,4.1,,,,,,,,,,,,,,,,,,,,,,1.78,4.2,4.5,1.69,3.86,4.04,,,,,,,,,,,,,,,,,,,,,,,,,,,,,,,,,,,,,,,,,,,,,,,,,,,,,,,,,,,,,,,,,,,,,,,,,,,,,,,China,Super League,Zhejiang Professional,Shenzhen Xinpengcheng
,02/05/2026,13:00,,,,2.55,3.7,2.45,,,,,,,,,,,,,,,,,,,,,,2.65,3.75,2.45,2.54,3.6,2.35,,,,,,,,,,,,,,,,,,,,,,,,,,,,,,,,,,,,,,,,,,,,,,,,,,,,,,,,,,,,,,,,,,,,,,,,,,,,,,,China,Super League,Yunnan Yukun,Beijing Guoan
,01/05/2026,18:00,,,,2.05,3.8,3.0,,,,,,,,,,,,,,,,,,,,,,2.15,3.8,3.0,2.09,3.69,2.89,,,,,,,,,,,,,,,,,,,,,,,,,,,,,,,,,,,,,,,,,,,,,,,,,,,,,,,,,,,,,,,,,,,,,,,,,,,,,,,Denmark,Superliga,Brondby,Nordsjaelland
,03/05/2026,13:00,,,,1.68,3.9,4.33,,,,,,,,,,,,,,,,,,,,,,1.73,4.0,4.5,1.7,3.93,3.99,,,,,,,,,,,,,,,,,,,,,,,,,,,,,,,,,,,,,,,,,,,,,,,,,,,,,,,,,,,,,,,,,,,,,,,,,,,,,,,Denmark,Superliga,Odense,Silkeborg
,03/05/2026,13:00,,,,1.57,4.1,5.0,,,,,,,,,,,,,,,,,,,,,,1.65,4.1,5.33,1.58,3.88,4.96,,,,,,,,,,,,,,,,,,,,,,,,,,,,,,,,,,,,,,,,,,,,,,,,,,,,,,,,,,,,,,,,,,,,,,,,,,,,,,,Denmark,Superliga,Randers FC,Vejle
,03/05/2026,15:00,,,,5.25,4.75,1.49,,,,,,,,,,,,,,,,,,,,,,5.5,4.75,1.53,5.12,4.44,1.49,,,,,,,,,,,,,,,,,,,,,,,,,,,,,,,,,,,,,,,,,,,,,,,,,,,,,,,,,,,,,,,,,,,,,,,,,,,,,,,Denmark,Superliga,Fredericia,FC Copenhagen
,03/05/2026,17:00,,,,1.45,4.5,6.0,,,,,,,,,,,,,,,,,,,,,,1.5,4.5,6.4,1.45,4.38,5.67,,,,,,,,,,,,,,,,,,,,,,,,,,,,,,,,,,,,,,,,,,,,,,,,,,,,,,,,,,,,,,,,,,,,,,,,,,,,,,,Denmark,Superliga,Aarhus,Sonderjyske
,04/05/2026,18:00,,,,1.56,4.2,5.0,,,,,,,,,,,,,,,,,,,,,,1.62,4.33,5.1,1.56,4.12,4.74,,,,,,,,,,,,,,,,,,,,,,,,,,,,,,,,,,,,,,,,,,,,,,,,,,,,,,,,,,,,,,,,,,,,,,,,,,,,,,,Denmark,Superliga,Midtjylland,Viborg
,02/05/2026,13:00,,,,2.5,3.75,2.5,,,,,,,,,,,,,,,,,,,,,,2.7,3.75,2.5,2.52,3.53,2.4,,,,,,,,,,,,,,,,,,,,,,,,,,,,,,,,,,,,,,,,,,,,,,,,,,,,,,,,,,,,,,,,,,,,,,,,,,,,,,,Finland,Veikkausliiga,SJK,Ilves
,02/05/2026,15:00,,,,2.15,3.6,3.1,,,,,,,,,,,,,,,,,,,,,,2.2,3.6,3.1,2.16,3.42,2.9,,,,,,,,,,,,,,,,,,,,,,,,,,,,,,,,,,,,,,,,,,,,,,,,,,,,,,,,,,,,,,,,,,,,,,,,,,,,,,,Finland,Veikkausliiga,Jaro,TPS
,02/05/2026,15:00,,,,3.0,3.3,2.3,,,,,,,,,,,,,,,,,,,,,,3.0,3.3,2.35,2.88,3.2,2.26,,,,,,,,,,,,,,,,,,,,,,,,,,,,,,,,,,,,,,,,,,,,,,,,,,,,,,,,,,,,,,,,,,,,,,,,,,,,,,,Finland,Veikkausliiga,Mariehamn,VPS
,02/05/2026,17:00,,,,3.1,3.5,2.2,,,,,,,,,,,,,,,,,,,,,,3.1,3.6,2.32,2.93,3.4,2.16,,,,,,,,,,,,,,,,,,,,,,,,,,,,,,,,,,,,,,,,,,,,,,,,,,,,,,,,,,,,,,,,,,,,,,,,,,,,,,,Finland,Veikkausliiga,AC Oulu,KuPS
,04/05/2026,17:00,,,,1.44,4.5,7.0,,,,,,,,,,,,,,,,,,,,,,1.44,4.6,7.0,1.4,4.34,6.23,,,,,,,,,,,,,,,,,,,,,,,,,,,,,,,,,,,,,,,,,,,,,,,,,,,,,,,,,,,,,,,,,,,,,,,,,,,,,,,Finland,Veikkausliiga,HJK,Lahti
,05/05/2026,17:00,,,,4.75,3.7,1.6,,,,,,,,,,,,,,,,,,,,,,4.8,3.9,1.66,4.54,3.75,1.61,,,,,,,,,,,,,,,,,,,,,,,,,,,,,,,,,,,,,,,,,,,,,,,,,,,,,,,,,,,,,,,,,,,,,,,,,,,,,,,Finland,Veikkausliiga,Gnistan,Inter Turku
,01/05/2026,19:45,,,,1.85,3.7,3.9,,,,,,,,,,,,,,,,,,,,,,1.93,3.7,3.9,1.86,3.41,3.73,,,,,,,,,,,,,,,,,,,,,,,,,,,,,,,,,,,,,,,,,,,,,,,,,,,,,,,,,,,,,,,,,,,,,,,,,,,,,,,Ireland,Premier Division,Drogheda,Sligo Rovers
,01/05/2026,19:45,,,,2.5,3.5,2.63,,,,,,,,,,,,,,,,,,,,,,2.5,3.75,2.8,2.43,3.37,2.57,,,,,,,,,,,,,,,,,,,,,,,,,,,,,,,,,,,,,,,,,,,,,,,,,,,,,,,,,,,,,,,,,,,,,,,,,,,,,,,Ireland,Premier Division,Dundalk,Shelbourne
,01/05/2026,19:45,,,,4.1,3.5,1.85,,,,,,,,,,,,,,,,,,,,,,4.1,3.6,1.9,3.8,3.33,1.84,,,,,,,,,,,,,,,,,,,,,,,,,,,,,,,,,,,,,,,,,,,,,,,,,,,,,,,,,,,,,,,,,,,,,,,,,,,,,,,Ireland,Premier Division,Galway,St. Patricks
,01/05/2026,20:00,,,,1.9,3.3,4.1,,,,,,,,,,,,,,,,,,,,,,1.9,3.5,4.25,1.84,3.23,3.94,,,,,,,,,,,,,,,,,,,,,,,,,,,,,,,,,,,,,,,,,,,,,,,,,,,,,,,,,,,,,,,,,,,,,,,,,,,,,,,Ireland,Premier Division,Bohemians,Derry City
,01/05/2026,20:00,,,,1.25,6.0,10.0,,,,,,,,,,,,,,,,,,,,,,1.26,6.0,12.5,1.23,5.38,9.73,,,,,,,,,,,,,,,,,,,,,,,,,,,,,,,,,,,,,,,,,,,,,,,,,,,,,,,,,,,,,,,,,,,,,,,,,,,,,,,Ireland,Premier Division,Shamrock Rovers,Waterford
,03/05/2026,02:00,,,,2.15,3.4,3.3,,,,,,,,,,,,,,,,,,,,,,2.2,3.4,3.35,2.15,3.23,3.09,,,,,,,,,,,,,,,,,,,,,,,,,,,,,,,,,,,,,,,,,,,,,,,,,,,,,,,,,,,,,,,,,,,,,,,,,,,,,,,Mexico,Liga MX,Tigres UANL,Guadalajara Chivas
,03/05/2026,04:15,,,,4.5,3.6,1.79,,,,,,,,,,,,,,,,,,,,,,4.5,3.6,1.83,4.17,3.45,1.77,,,,,,,,,,,,,,,,,,,,,,,,,,,,,,,,,,,,,,,,,,,,,,,,,,,,,,,,,,,,,,,,,,,,,,,,,,,,,,,Mexico,Liga MX,Atlas,Cruz Azul
,04/05/2026,00:00,,,,1.81,3.75,4.1,,,,,,,,,,,,,,,,,,,,,,1.9,3.75,4.1,1.83,3.52,3.76,,,,,,,,,,,,,,,,,,,,,,,,,,,,,,,,,,,,,,,,,,,,,,,,,,,,,,,,,,,,,,,,,,,,,,,,,,,,,,,Mexico,Liga MX,Club America,UNAM Pumas
,04/05/2026,02:15,,,,1.79,3.9,4.0,,,,,,,,,,,,,,,,,,,,,,1.82,3.9,4.2,1.76,3.71,3.86,,,,,,,,,,,,,,,,,,,,,,,,,,,,,,,,,,,,,,,,,,,,,,,,,,,,,,,,,,,,,,,,,,,,,,,,,,,,,,,Mexico,Liga MX,Toluca,Pachuca
,01/05/2026,17:00,,,,1.36,5.5,7.0,,,,,,,,,,,,,,,,,,,,,,1.42,5.5,8.75,1.35,4.87,6.9,,,,,,,,,,,,,,,,,,,,,,,,,,,,,,,,,,,,,,,,,,,,,,,,,,,,,,,,,,,,,,,,,,,,,,,,,,,,,,,Norway,Eliteserien,Viking,Rosenborg
,02/05/2026,17:00,,,,1.62,4.2,5.0,,,,,,,,,,,,,,,,,,,,,,1.62,4.2,5.1,1.58,4.03,4.77,,,,,,,,,,,,,,,,,,,,,,,,,,,,,,,,,,,,,,,,,,,,,,,,,,,,,,,,,,,,,,,,,,,,,,,,,,,,,,,Norway,Eliteserien,Brann,Fredrikstad
,03/05/2026,13:30,,,,1.65,4.33,4.33,,,,,,,,,,,,,,,,,,,,,,1.77,4.33,4.33,1.67,4.03,4.1,,,,,,,,,,,,,,,,,,,,,,,,,,,,,,,,,,,,,,,,,,,,,,,,,,,,,,,,,,,,,,,,,,,,,,,,,,,,,,,Norway,Eliteserien,Lillestrom,Sarpsborg 08
,03/05/2026,16:00,,,,2.6,3.5,2.6,,,,,,,,,,,,,,,,,,,,,,2.6,3.6,2.75,2.45,3.47,2.54,,,,,,,,,,,,,,,,,,,,,,,,,,,,,,,,,,,,,,,,,,,,,,,,,,,,,,,,,,,,,,,,,,,,,,,,,,,,,,,Norway,Eliteserien,Kristiansund,HamKam
,03/05/2026,16:00,,,,1.75,4.0,4.2,,,,,,,,,,,,,,,,,,,,,,1.78,4.2,4.2,1.74,3.91,3.83,,,,,,,,,,,,,,,,,,,,,,,,,,,,,,,,,,,,,,,,,,,,,,,,,,,,,,,,,,,,,,,,,,,,,,,,,,,,,,,Norway,Eliteserien,Sandefjord,Aalesund
,03/05/2026,16:00,,,,4.5,4.0,1.7,,,,,,,,,,,,,,,,,,,,,,4.5,4.0,1.73,4.23,3.76,1.69,,,,,,,,,,,,,,,,,,,,,,,,,,,,,,,,,,,,,,,,,,,,,,,,,,,,,,,,,,,,,,,,,,,,,,,,,,,,,,,Norway,Eliteserien,Start,Tromso
,03/05/2026,18:15,,,,2.0,3.6,3.5,,,,,,,,,,,,,,,,,,,,,,2.0,3.75,3.5,1.96,3.58,3.29,,,,,,,,,,,,,,,,,,,,,,,,,,,,,,,,,,,,,,,,,,,,,,,,,,,,,,,,,,,,,,,,,,,,,,,,,,,,,,,Norway,Eliteserien,Valerenga,KFUM Oslo
,04/05/2026,18:00,,,,1.36,5.5,6.5,,,,,,,,,,,,,,,,,,,,,,1.37,5.5,7.5,1.33,5.22,6.76,,,,,,,,,,,,,,,,,,,,,,,,,,,,,,,,,,,,,,,,,,,,,,,,,,,,,,,,,,,,,,,,,,,,,,,,,,,,,,,Norway,Eliteserien,Bodo/Glimt,Molde
,01/05/2026,16:30,,,,2.15,3.2,3.1,,,,,,,,,,,,,,,,,,,,,,2.32,3.5,3.25,2.2,3.28,2.96,,,,,,,,,,,,,,,,,,,,,,,,,,,,,,,,,,,,,,,,,,,,,,,,,,,,,,,,,,,,,,,,,,,,,,,,,,,,,,,Poland,Ekstraklasa,Korona Kielce,Piast Gliwice
,01/05/2026,19:30,,,,2.1,3.1,3.5,,,,,,,,,,,,,,,,,,,,,,2.15,3.25,3.8,2.1,3.06,3.45,,,,,,,,,,,,,,,,,,,,,,,,,,,,,,,,,,,,,,,,,,,,,,,,,,,,,,,,,,,,,,,,,,,,,,,,,,,,,,,Poland,Ekstraklasa,Legia,Widzew Lodz
,02/05/2026,19:15,,,,3.5,3.8,1.85,,,,,,,,,,,,,,,,,,,,,,3.75,4.0,1.97,3.42,3.76,1.86,,,,,,,,,,,,,,,,,,,,,,,,,,,,,,,,,,,,,,,,,,,,,,,,,,,,,,,,,,,,,,,,,,,,,,,,,,,,,,,Poland,Ekstraklasa,Motor Lublin,Lech Poznan
,03/05/2026,11:15,,,,1.65,3.9,4.5,,,,,,,,,,,,,,,,,,,,,,1.71,4.33,4.5,1.65,3.96,4.23,,,,,,,,,,,,,,,,,,,,,,,,,,,,,,,,,,,,,,,,,,,,,,,,,,,,,,,,,,,,,,,,,,,,,,,,,,,,,,,Poland,Ekstraklasa,GKS Katowice,Termalica B-B.
,03/05/2026,13:45,,,,2.6,3.0,2.6,,,,,,,,,,,,,,,,,,,,,,2.75,3.25,2.65,2.6,3.1,2.55,,,,,,,,,,,,,,,,,,,,,,,,,,,,,,,,,,,,,,,,,,,,,,,,,,,,,,,,,,,,,,,,,,,,,,,,,,,,,,,Poland,Ekstraklasa,Zaglebie,Cracovia
,03/05/2026,16:30,,,,1.85,3.4,3.75,,,,,,,,,,,,,,,,,,,,,,1.93,3.75,4.0,1.85,3.53,3.66,,,,,,,,,,,,,,,,,,,,,,,,,,,,,,,,,,,,,,,,,,,,,,,,,,,,,,,,,,,,,,,,,,,,,,,,,,,,,,,Poland,Ekstraklasa,Pogon Szczecin,Wisla Plock
,04/05/2026,18:00,,,,2.15,3.5,2.9,,,,,,,,,,,,,,,,,,,,,,2.3,3.6,3.0,2.18,3.48,2.82,,,,,,,,,,,,,,,,,,,,,,,,,,,,,,,,,,,,,,,,,,,,,,,,,,,,,,,,,,,,,,,,,,,,,,,,,,,,,,,Poland,Ekstraklasa,Radomiak Radom,Lechia Gdansk
,01/05/2026,18:30,,,,5.5,4.1,1.5,,,,,,,,,,,,,,,,,,,,,,6.25,4.5,1.5,5.7,4.18,1.46,,,,,,,,,,,,,,,,,,,,,,,,,,,,,,,,,,,,,,,,,,,,,,,,,,,,,,,,,,,,,,,,,,,,,,,,,,,,,,,Romania,Superliga,Csikszereda M. Ciuc,FCSB
,02/05/2026,13:00,,,,1.38,4.33,7.0,,,,,,,,,,,,,,,,,,,,,,1.38,5.0,8.5,1.35,4.44,7.45,,,,,,,,,,,,,,,,,,,,,,,,,,,,,,,,,,,,,,,,,,,,,,,,,,,,,,,,,,,,,,,,,,,,,,,,,,,,,,,Romania,Superliga,Otelul,Metaloglobus Bucharest
,02/05/2026,15:30,,,,2.15,3.4,3.0,,,,,,,,,,,,,,,,,,,,,,2.33,3.75,3.0,2.17,3.41,2.9,,,,,,,,,,,,,,,,,,,,,,,,,,,,,,,,,,,,,,,,,,,,,,,,,,,,,,,,,,,,,,,,,,,,,,,,,,,,,,,Romania,Superliga,Farul Constanta,FC Botosani
,02/05/2026,18:30,,,,1.7,3.4,4.5,,,,,,,,,,,,,,,,,,,,,,1.8,3.5,5.0,1.73,3.33,4.46,,,,,,,,,,,,,,,,,,,,,,,,,,,,,,,,,,,,,,,,,,,,,,,,,,,,,,,,,,,,,,,,,,,,,,,,,,,,,,,Romania,Superliga,U. Cluj,FC Arges
,03/05/2026,16:15,,,,1.9,3.3,3.75,,,,,,,,,,,,,,,,,,,,,,2.17,3.4,4.0,1.97,3.2,3.58,,,,,,,,,,,,,,,,,,,,,,,,,,,,,,,,,,,,,,,,,,,,,,,,,,,,,,,,,,,,,,,,,,,,,,,,,,,,,,,Romania,Superliga,Petrolul,UTA Arad
,03/05/2026,19:00,,,,1.8,3.2,4.1,,,,,,,,,,,,,,,,,,,,,,1.93,3.6,4.2,1.83,3.33,3.95,,,,,,,,,,,,,,,,,,,,,,,,,,,,,,,,,,,,,,,,,,,,,,,,,,,,,,,,,,,,,,,,,,,,,,,,,,,,,,,Romania,Superliga,Univ. Craiova,Dinamo Bucuresti
,04/05/2026,15:30,,,,3.5,3.3,2.0,,,,,,,,,,,,,,,,,,,,,,3.6,3.4,2.18,3.33,3.18,2.04,,,,,,,,,,,,,,,,,,,,,,,,,,,,,,,,,,,,,,,,,,,,,,,,,,,,,,,,,,,,,,,,,,,,,,,,,,,,,,,Romania,Superliga,Unirea Slobozia,FC Hermannstadt
,04/05/2026,18:30,,,,2.3,3.1,2.9,,,,,,,,,,,,,,,,,,,,,,2.35,3.5,3.15,2.28,3.17,2.87,,,,,,,,,,,,,,,,,,,,,,,,,,,,,,,,,,,,,,,,,,,,,,,,,,,,,,,,,,,,,,,,,,,,,,,,,,,,,,,Romania,Superliga,FC Rapid Bucuresti,CFR Cluj
,02/05/2026,14:00,,,,2.85,3.3,2.35,,,,,,,,,,,,,,,,,,,,,,2.9,3.4,2.45,2.77,3.32,2.33,,,,,,,,,,,,,,,,,,,,,,,,,,,,,,,,,,,,,,,,,,,,,,,,,,,,,,,,,,,,,,,,,,,,,,,,,,,,,,,Sweden,Allsvenskan,Degerfors,Hacken
,02/05/2026,14:00,,,,1.45,4.5,6.0,,,,,,,,,,,,,,,,,,,,,,1.5,4.5,6.25,1.46,4.26,5.86,,,,,,,,,,,,,,,,,,,,,,,,,,,,,,,,,,,,,,,,,,,,,,,,,,,,,,,,,,,,,,,,,,,,,,,,,,,,,,,Sweden,Allsvenskan,Sirius,Kalmar
,03/05/2026,13:00,,,,1.27,5.5,8.5,,,,,,,,,,,,,,,,,,,,,,1.35,5.5,9.0,1.3,5.08,8.14,,,,,,,,,,,,,,,,,,,,,,,,,,,,,,,,,,,,,,,,,,,,,,,,,,,,,,,,,,,,,,,,,,,,,,,,,,,,,,,Sweden,Allsvenskan,Hammarby,Vasteras SK
,03/05/2026,13:00,,,,2.15,3.5,3.1,,,,,,,,,,,,,,,,,,,,,,2.33,3.5,3.1,2.23,3.28,2.95,,,,,,,,,,,,,,,,,,,,,,,,,,,,,,,,,,,,,,,,,,,,,,,,,,,,,,,,,,,,,,,,,,,,,,,,,,,,,,,Sweden,Allsvenskan,Malmo FF,Mjallby
,03/05/2026,15:30,,,,2.55,3.2,2.7,,,,,,,,,,,,,,,,,,,,,,2.6,3.25,2.8,2.5,3.17,2.64,,,,,,,,,,,,,,,,,,,,,,,,,,,,,,,,,,,,,,,,,,,,,,,,,,,,,,,,,,,,,,,,,,,,,,,,,,,,,,,Sweden,Allsvenskan,Elfsborg,AIK
,03/05/2026,15:30,,,,1.45,4.5,6.0,,,,,,,,,,,,,,,,,,,,,,1.48,4.75,6.5,1.44,4.37,5.96,,,,,,,,,,,,,,,,,,,,,,,,,,,,,,,,,,,,,,,,,,,,,,,,,,,,,,,,,,,,,,,,,,,,,,,,,,,,,,,Sweden,Allsvenskan,GAIS,Orgryte
,04/05/2026,18:00,,,,1.66,3.8,4.75,,,,,,,,,,,,,,,,,,,,,,1.73,3.8,4.8,1.67,3.64,4.54,,,,,,,,,,,,,,,,,,,,,,,,,,,,,,,,,,,,,,,,,,,,,,,,,,,,,,,,,,,,,,,,,,,,,,,,,,,,,,,Sweden,Allsvenskan,Djurgarden,Goteborg
,04/05/2026,18:00,,,,2.85,3.3,2.35,,,,,,,,,,,,,,,,,,,,,,2.9,3.3,2.5,2.8,3.22,2.34,,,,,,,,,,,,,,,,,,,,,,,,,,,,,,,,,,,,,,,,,,,,,,,,,,,,,,,,,,,,,,,,,,,,,,,,,,,,,,,Sweden,Allsvenskan,Halmstad,Brommapojkarna
,02/05/2026,17:00,,,,2.2,3.8,2.75,,,,,,,,,,,,,,,,,,,,,,2.33,4.0,2.75,2.26,3.71,2.64,,,,,,,,,,,,,,,,,,,,,,,,,,,,,,,,,,,,,,,,,,,,,,,,,,,,,,,,,,,,,,,,,,,,,,,,,,,,,,,Switzerland,Super League,Lausanne,Luzern
,02/05/2026,17:00,,,,2.75,3.75,2.2,,,,,,,,,,,,,,,,,,,,,,2.85,4.0,2.33,2.67,3.7,2.24,,,,,,,,,,,,,,,,,,,,,,,,,,,,,,,,,,,,,,,,,,,,,,,,,,,,,,,,,,,,,,,,,,,,,,,,,,,,,,,Switzerland,Super League,Winterthur,Zurich
,02/05/2026,19:30,,,,2.57,3.75,2.32,,,,,,,,,,,,,,,,,,,,,,2.62,4.0,2.45,2.5,3.8,2.34,,,,,,,,,,,,,,,,,,,,,,,,,,,,,,,,,,,,,,,,,,,,,,,,,,,,,,,,,,,,,,,,,,,,,,,,,,,,,,,Switzerland,Super League,Basel,Thun
,03/05/2026,13:00,,,,2.2,3.5,2.82,,,,,,,,,,,,,,,,,,,,,,2.3,3.75,2.9,2.24,3.54,2.75,,,,,,,,,,,,,,,,,,,,,,,,,,,,,,,,,,,,,,,,,,,,,,,,,,,,,,,,,,,,,,,,,,,,,,,,,,,,,,,Switzerland,Super League,St. Gallen,Sion
,03/05/2026,15:30,,,,3.0,3.6,2.15,,,,,,,,,,,,,,,,,,,,,,3.1,3.6,2.25,2.92,3.49,2.15,,,,,,,,,,,,,,,,,,,,,,,,,,,,,,,,,,,,,,,,,,,,,,,,,,,,,,,,,,,,,,,,,,,,,,,,,,,,,,,Switzerland,Super League,Grasshoppers,Servette
,03/05/2026,15:30,,,,2.25,3.75,2.65,,,,,,,,,,,,,,,,,,,,,,2.36,4.0,2.66,2.29,3.69,2.59,,,,,,,,,,,,,,,,,,,,,,,,,,,,,,,,,,,,,,,,,,,,,,,,,,,,,,,,,,,,,,,,,,,,,,,,,,,,,,,Switzerland,Super League,Lugano,Young Boys
,02/05/2026,18:00,,,,3.3,3.8,2.01,,,,,,,,,,,,,,,,,,,,,,3.55,3.8,2.12,3.19,3.62,2.02,,,,,,,,,,,,,,,,,,,,,,,,,,,,,,,,,,,,,,,,,,,,,,,,,,,,,,,,,,,,,,,,,,,,,,,,,,,,,,,USA,MLS,Toronto FC,San Jose Earthquakes
,02/05/2026,19:30,,,,4.75,4.0,1.66,,,,,,,,,,,,,,,,,,,,,,4.9,4.25,1.73,4.35,3.95,1.67,,,,,,,,,,,,,,,,,,,,,,,,,,,,,,,,,,,,,,,,,,,,,,,,,,,,,,,,,,,,,,,,,,,,,,,,,,,,,,,USA,MLS,Sporting Kansas City,Seattle Sounders
,02/05/2026,21:45,,,,1.49,4.5,5.75,,,,,,,,,,,,,,,,,,,,,,1.58,4.75,6.0,1.51,4.45,5.18,,,,,,,,,,,,,,,,,,,,,,,,,,,,,,,,,,,,,,,,,,,,,,,,,,,,,,,,,,,,,,,,,,,,,,,,,,,,,,,USA,MLS,Real Salt Lake,Portland Timbers
,03/05/2026,00:15,,,,1.27,6.5,8.0,,,,,,,,,,,,,,,,,,,,,,1.32,6.5,9.0,1.28,5.89,7.8,,,,,,,,,,,,,,,,,,,,,,,,,,,,,,,,,,,,,,,,,,,,,,,,,,,,,,,,,,,,,,,,,,,,,,,,,,,,,,,USA,MLS,Inter Miami,Orlando City
,03/05/2026,00:30,,,,1.96,3.7,3.5,,,,,,,,,,,,,,,,,,,,,,2.0,3.8,3.8,1.94,3.59,3.43,,,,,,,,,,,,,,,,,,,,,,,,,,,,,,,,,,,,,,,,,,,,,,,,,,,,,,,,,,,,,,,,,,,,,,,,,,,,,,,USA,MLS,Atlanta Utd,CF Montreal
,03/05/2026,00:30,,,,1.71,4.0,4.33,,,,,,,,,,,,,,,,,,,,,,1.77,4.0,4.6,1.72,3.81,4.18,,,,,,,,,,,,,,,,,,,,,,,,,,,,,,,,,,,,,,,,,,,,,,,,,,,,,,,,,,,,,,,,,,,,,,,,,,,,,,,USA,MLS,Columbus Crew,Minnesota United
,03/05/2026,00:30,,,,2.15,3.5,3.2,,,,,,,,,,,,,,,,,,,,,,2.4,3.55,3.2,2.18,3.44,2.98,,,,,,,,,,,,,,,,,,,,,,,,,,,,,,,,,,,,,,,,,,,,,,,,,,,,,,,,,,,,,,,,,,,,,,,,,,,,,,,USA,MLS,New England Revolution,Charlotte
,03/05/2026,00:30,,,,2.05,3.75,3.25,,,,,,,,,,,,,,,,,,,,,,2.1,3.9,3.5,2.0,3.7,3.19,,,,,,,,,,,,,,,,,,,,,,,,,,,,,,,,,,,,,,,,,,,,,,,,,,,,,,,,,,,,,,,,,,,,,,,,,,,,,,,USA,MLS,New York Red Bulls,FC Dallas
,03/05/2026,00:30,,,,2.35,3.5,2.82,,,,,,,,,,,,,,,,,,,,,,2.45,3.5,2.95,2.37,3.29,2.79,,,,,,,,,,,,,,,,,,,,,,,,,,,,,,,,,,,,,,,,,,,,,,,,,,,,,,,,,,,,,,,,,,,,,,,,,,,,,,,USA,MLS,Philadelphia Union,Nashville SC
,03/05/2026,01:30,,,,1.66,4.2,4.33,,,,,,,,,,,,,,,,,,,,,,1.75,4.3,4.5,1.7,4.1,4.02,,,,,,,,,,,,,,,,,,,,,,,,,,,,,,,,,,,,,,,,,,,,,,,,,,,,,,,,,,,,,,,,,,,,,,,,,,,,,,,USA,MLS,Chicago Fire,FC Cincinnati
,03/05/2026,01:30,,,,1.76,4.0,4.0,,,,,,,,,,,,,,,,,,,,,,1.85,4.0,4.1,1.79,3.8,3.83,,,,,,,,,,,,,,,,,,,,,,,,,,,,,,,,,,,,,,,,,,,,,,,,,,,,,,,,,,,,,,,,,,,,,,,,,,,,,,,USA,MLS,Houston Dynamo,Colorado Rapids
,03/05/2026,02:30,,,,2.45,3.75,2.55,,,,,,,,,,,,,,,,,,,,,,2.5,3.8,2.65,2.41,3.65,2.53,,,,,,,,,,,,,,,,,,,,,,,,,,,,,,,,,,,,,,,,,,,,,,,,,,,,,,,,,,,,,,,,,,,,,,,,,,,,,,,USA,MLS,San Diego FC,Los Angeles FC
,03/05/2026,03:30,,,,3.4,4.0,1.96,,,,,,,,,,,,,,,,,,,,,,3.6,4.0,2.05,3.2,3.77,1.97,,,,,,,,,,,,,,,,,,,,,,,,,,,,,,,,,,,,,,,,,,,,,,,,,,,,,,,,,,,,,,,,,,,,,,,,,,,,,,,USA,MLS,Los Angeles Galaxy,Vancouver Whitecaps
,03/05/2026,20:00,,,,1.66,4.0,4.75,,,,,,,,,,,,,,,,,,,,,,1.7,4.1,5.4,1.65,3.75,4.72,,,,,,,,,,,,,,,,,,,,,,,,,,,,,,,,,,,,,,,,,,,,,,,,,,,,,,,,,,,,,,,,,,,,,,,,,,,,,,,USA,MLS,New York City,DC United
,03/05/2026,22:30,,,,2.55,3.4,2.65,,,,,,,,,,,,,,,,,,,,,,2.55,3.55,2.85,2.44,3.42,2.6,,,,,,,,,,,,,,,,,,,,,,,,,,,,,,,,,,,,,,,,,,,,,,,,,,,,,,,,,,,,,,,,,,,,,,,,,,,,,,,USA,MLS,Austin FC,St. Louis City
